id_item,estado_beta,prioridad,area_canonica,subarea,perfil_sugerido,tipo_item,ruta_actual_o_propuesta,ruta_origen,lote,decisiones,acciones,fuentes,json_materializado,validacion_minima,destino_beta,notas
NFL_B08_I01,PILOTAJE_CON_AJUSTE,90,normatividad,Ajustes razonables y barreras,por_confirmar,funcional,content/restructuring-v1/docente/normatividad/por_confirmar/funcional/NFL_B08_I01.json,"content/items/stand-by/Igualdad material, discriminación positiva y debilidad manifiesta/NFL_B08_I01.json",L039,LISTO_PARA_BANCO | LISTO_PARA_PILOTAJE | OMITIDO_POR_AUDITORIA_PREVIA | OPERACIONAL_AJUSTADO,ajuste_menor_pre_pilotaje | pilotar,auditoria/L001 | auditoria/L019 | auditoria/L039 | fase-5b/banco-operacional/part-003.csv | fase-5b/remediacion-liviana/part-003.csv,no,,content/items/beta-v1/normatividad/NFL_B08_I01.json,"La igualdad material exige remover barreras con apoyos pertinentes, no uniformar el trato ni vaciar la experiencia educativa de propósito pedagógico. / La igualdad material exige responder a barreras reales con apoyos y ajustes razonables; no equivale ni a uniformidad ni a renuncia al aprendizaje."
GA02_B03_I03,PILOTAJE_CON_AJUSTE,90,pedagogia,didactica_y_planeacion,orientador,funcional,content/items/pedagogia/GA02_B03_I03.json,"content/items/stand-by/Didáctica, diversidad y planeación de aula/GA02_B03_I03.json",L043,BANCO_OPERACIONAL | LISTO_PARA_PILOTAJE | Listo para el banco | OMITIDO_POR_AUDITORIA_PREVIA | OPERACIONAL_AJUSTADO,ajuste_menor_pre_pilotaje | pilotar,auditoria/L012 | auditoria/L043 | content/items | content/items/_banco-operacional.csv | fase-5b/banco-operacional/part-001.csv | fase-5b/remediacion-liviana/part-001.csv,si,clave_ok | justificacion_ok | opciones_ok,content/items/beta-v1/pedagogia/GA02_B03_I03.json,El PIAR requiere articulación interdisciplinaria y corresponsabilidad.
MTV_B22_I02,PILOTAJE_CON_AJUSTE,90,pedagogia,aprendizaje_significativo,por_confirmar,funcional,content/items/pedagogia/MTV_B22_I02.json,content/items/stand-by/Aprendizaje significativo Ausubel/MTV_B22_I02.json,L047,BANCO_OPERACIONAL | LISTO_PARA_PILOTAJE | Listo para el banco | OMITIDO_POR_AUDITORIA_PREVIA | OPERACIONAL_AJUSTADO,ajuste_menor_pre_pilotaje | pilotar,auditoria/L033 | auditoria/L047 | auditoria/L061 | auditoria/L079 | content/items | content/items/_banco-operacional.csv | fase-5b/banco-operacional/part-002.csv | fase-5b/remediacion-liviana/part-002.csv,si,clave_ok | justificacion_ok | opciones_ok,content/items/beta-v1/pedagogia/MTV_B22_I02.json,La opción A es la mejor respuesta porque la secuencia parte de experiencias conocidas para enlazar el nuevo contenido con significados ya disponibles en los estudiantes.
MTV_B22_I06,PILOTAJE_CON_AJUSTE,90,pedagogia,aprendizaje_significativo,por_confirmar,funcional,content/items/pedagogia/MTV_B22_I06.json,content/items/stand-by/Aprendizaje significativo Ausubel/MTV_B22_I06.json,L047,BANCO_OPERACIONAL | LISTO_PARA_PILOTAJE | Listo para el banco | OMITIDO_POR_AUDITORIA_PREVIA | OPERACIONAL_AJUSTADO,ajuste_menor_pre_pilotaje | pilotar,auditoria/L033 | auditoria/L047 | auditoria/L061 | auditoria/L079 | content/items | content/items/_banco-operacional.csv | fase-5b/banco-operacional/part-002.csv | fase-5b/remediacion-liviana/part-002.csv,si,clave_ok | justificacion_ok | opciones_ok,content/items/beta-v1/pedagogia/MTV_B22_I06.json,La opción A es la mejor respuesta porque la docente parte de una concepción previa y la somete a contraste con evidencia para favorecer comprensión más elaborada.
MTV_B22_I09,PILOTAJE_CON_AJUSTE,90,pedagogia,aprendizaje_significativo,por_confirmar,funcional,content/items/pedagogia/MTV_B22_I09.json,content/items/stand-by/Aprendizaje significativo Ausubel/MTV_B22_I09.json,L047,BANCO_OPERACIONAL | LISTO_PARA_PILOTAJE | Listo para el banco | OMITIDO_POR_AUDITORIA_PREVIA | OPERACIONAL_AJUSTADO,ajuste_menor_pre_pilotaje | pilotar,auditoria/L033 | auditoria/L047 | auditoria/L061 | auditoria/L079 | content/items | content/items/_banco-operacional.csv | fase-5b/banco-operacional/part-002.csv | fase-5b/remediacion-liviana/part-002.csv,si,clave_ok | justificacion_ok | opciones_ok,content/items/beta-v1/pedagogia/MTV_B22_I09.json,La opción B es la mejor porque parte de situaciones familiares que ayudan a enlazar el nuevo concepto con experiencias previas antes de avanzar a la formalización.
NFL_B08_I03,PILOTAJE_CON_AJUSTE,75,normatividad,Igualdad formal versus igualdad material,por_confirmar,funcional,content/restructuring-v1/docente/normatividad/por_confirmar/funcional/NFL_B08_I03.json,"content/items/stand-by/Igualdad material, discriminación positiva y debilidad manifiesta/NFL_B08_I03.json",L039,LISTO_PARA_PILOTAJE | OMITIDO_POR_AUDITORIA_PREVIA | OPERACIONAL_AJUSTADO,ajuste_menor_pre_pilotaje | pilotar,auditoria/L019 | auditoria/L039 | fase-5b/banco-operacional/part-003.csv | fase-5b/remediacion-liviana/part-003.csv,no,,content/items/beta-v1/normatividad/NFL_B08_I03.json,La igualdad material obliga a considerar las barreras reales de acceso y participación; por eso un trato idéntico puede producir exclusión cuando niega ajustes necesarios.
EIP_B07_I01,PILOTAJE_CON_AJUSTE,75,pedagogia,Comprension conceptual en secundaria,secundaria_media,funcional,content/restructuring-v1/docente/pedagogia/secundaria_media/funcional/EIP_B07_I01.json,content/items/stand-by/Pensamiento científico y didáctica en básica secundaria/EIP_B07_I01.json,L043,LISTO_PARA_PILOTAJE | OMITIDO_POR_AUDITORIA_PREVIA | OPERACIONAL_AJUSTADO,ajuste_menor_pre_pilotaje | pilotar,auditoria/L024 | auditoria/L043 | fase-5b/banco-operacional/part-001.csv | fase-5b/remediacion-liviana/part-001.csv,no,,content/items/beta-v1/pedagogia/EIP_B07_I01.json,La opcion B es la unica que cuestiona la ausencia de indagacion y sentido fenomenico sin caer en negaciones caricaturescas del conocimiento cientifico o del uso de formulas.
EIP_B07_I02,PILOTAJE_CON_AJUSTE,75,pedagogia,Indagacion experimental,secundaria_media,funcional,content/restructuring-v1/docente/pedagogia/secundaria_media/funcional/EIP_B07_I02.json,content/items/stand-by/Pensamiento científico y didáctica en básica secundaria/EIP_B07_I02.json,L043,LISTO_PARA_PILOTAJE | OMITIDO_POR_AUDITORIA_PREVIA | OPERACIONAL_AJUSTADO,ajuste_menor_pre_pilotaje | pilotar,auditoria/L024 | auditoria/L043 | fase-5b/banco-operacional/part-001.csv | fase-5b/remediacion-liviana/part-001.csv,no,,content/items/beta-v1/pedagogia/EIP_B07_I02.json,"La opcion A es la unica que integra observacion, relacion variable-fenomeno y construccion explicativa. Las otras minimizan el papel del analisis o reducen la actividad a motivacion superficial."
EIP_B07_I03,PILOTAJE_CON_AJUSTE,75,pedagogia,Ajuste metodologico,secundaria_media,funcional,content/restructuring-v1/docente/pedagogia/secundaria_media/funcional/EIP_B07_I03.json,content/items/stand-by/Pensamiento científico y didáctica en básica secundaria/EIP_B07_I03.json,L043,LISTO_PARA_PILOTAJE | OMITIDO_POR_AUDITORIA_PREVIA | OPERACIONAL_AJUSTADO,ajuste_menor_pre_pilotaje | pilotar,auditoria/L024 | auditoria/L043 | fase-5b/banco-operacional/part-001.csv | fase-5b/remediacion-liviana/part-001.csv,no,,content/items/beta-v1/pedagogia/EIP_B07_I03.json,"La opcion B es la unica que reorienta la metodologia hacia indagacion, evidencia y transferencia. Las otras respuestas profundizan justo el problema descrito."
IDD_B06_I01,PILOTAJE_CON_AJUSTE,75,pedagogia,participacion en el mismo proposito de aprendizaje,por_confirmar,funcional,content/restructuring-v1/docente/pedagogia/por_confirmar/funcional/IDD_B06_I01.json,content/items/stand-by/Inclusión práctica vs. segregación en aula/IDD_B06_I01.json,L039,LISTO_PARA_PILOTAJE | OMITIDO_POR_AUDITORIA_PREVIA | OPERACIONAL_AJUSTADO,ajuste_menor_pre_pilotaje | pilotar,auditoria/L020 | auditoria/L039 | fase-5b/banco-operacional/part-004.csv | fase-5b/remediacion-liviana/part-004.csv,no,,content/items/beta-v1/pedagogia/IDD_B06_I01.json,"La opcion A mantiene el nucleo de la educacion inclusiva: mismo proposito formativo, participacion y apoyos pertinentes. Una tarea paralela sin valor curricular compartido produce segregacion encubierta."
IDD_B06_I02,PILOTAJE_CON_AJUSTE,75,pedagogia,uso de apoyos visuales sin aislar al estudiante,por_confirmar,funcional,content/restructuring-v1/docente/pedagogia/por_confirmar/funcional/IDD_B06_I02.json,content/items/stand-by/Inclusión práctica vs. segregación en aula/IDD_B06_I02.json,L039,LISTO_PARA_PILOTAJE | OMITIDO_POR_AUDITORIA_PREVIA | OPERACIONAL_AJUSTADO,ajuste_menor_pre_pilotaje | pilotar,auditoria/L020 | auditoria/L039 | fase-5/pilotaje | fase-5b/banco-operacional/part-004.csv | fase-5b/remediacion-liviana/part-004.csv,no,,content/items/beta-v1/pedagogia/IDD_B06_I02.json,Registro corregido desde L020-A con trazabilidad de lote verificable. / La opcion C traduce el principio del DUA: planear desde el inicio multiples formas de acceso y expresion sin romper el objetivo compartido ni aislar al estudiante.
IDD_B07_I02,PILOTAJE_CON_AJUSTE,75,pedagogia,transformacion de la ensenanza frente a diversidad,por_confirmar,funcional,content/restructuring-v1/docente/pedagogia/por_confirmar/funcional/IDD_B07_I02.json,"content/items/stand-by/Inclusión, equidad socioeconómica y adaptabilidad curricular/IDD_B07_I02.json",L039,LISTO_PARA_PILOTAJE | OMITIDO_POR_AUDITORIA_PREVIA | OPERACIONAL_AJUSTADO,ajuste_menor_pre_pilotaje | pilotar,auditoria/L020 | auditoria/L039 | fase-5b/banco-operacional/part-004.csv | fase-5b/remediacion-liviana/part-004.csv,no,,content/items/beta-v1/pedagogia/IDD_B07_I02.json,"La opcion A recoge el principio de adaptabilidad curricular: el sistema educativo se transforma para remover barreras y ampliar acceso, participacion y aprendizaje."
IDD_B11_I01,PILOTAJE_CON_AJUSTE,75,pedagogia,Mediacion ante errores procedimentales en matematicas,por_confirmar,funcional,content/restructuring-v1/docente/pedagogia/por_confirmar/funcional/,"content/items/stand-by/Error, conflicto cognitivo y reestructuración de esquemas/IDD_B11_I01.json",L047,LISTO_PARA_PILOTAJE | OMITIDO_POR_AUDITORIA_PREVIA | OPERACIONAL_AJUSTADO,ajuste_menor_pre_pilotaje | pilotar,auditoria/L014 | auditoria/L047 | fase-5b/banco-operacional/part-002.csv | fase-5b/remediacion-liviana/part-002.csv,no,,content/items/beta-v1/pedagogia/IDD_B11_I01.json,La opcion A obliga a hacer visible el significado de la fraccion y confronta el procedimiento errado con una representacion que permite revisarlo. No castiga ni reemplaza la actividad cognitiva del estudiante.
IDD_B11_I03,PILOTAJE_CON_AJUSTE,75,pedagogia,Contraste empirico de concepciones intuitivas,por_confirmar,funcional,content/restructuring-v1/docente/pedagogia/por_confirmar/funcional/,"content/items/stand-by/Error, conflicto cognitivo y reestructuración de esquemas/IDD_B11_I03.json",L047,LISTO_PARA_PILOTAJE | OMITIDO_POR_AUDITORIA_PREVIA | OPERACIONAL_AJUSTADO,ajuste_menor_pre_pilotaje | pilotar,auditoria/L014 | auditoria/L047 | fase-5b/banco-operacional/part-003.csv | fase-5b/remediacion-liviana/part-003.csv,no,,content/items/beta-v1/pedagogia/IDD_B11_I03.json,La opcion A no se limita a nombrar la teoria correcta: hace chocar la regla intuitiva con una evidencia incompatible y obliga a revisar la explicacion. Ese es el nucleo del conflicto cognitivo formativo.
IDD_B11_I04,PILOTAJE_CON_AJUSTE,75,pedagogia,Uso de errores colectivos para ajustar la enseñanza,por_confirmar,funcional,content/restructuring-v1/docente/pedagogia/por_confirmar/funcional/,"content/items/stand-by/Error, conflicto cognitivo y reestructuración de esquemas/IDD_B11_I04.json",L047,LISTO_PARA_PILOTAJE | OMITIDO_POR_AUDITORIA_PREVIA | OPERACIONAL_AJUSTADO,ajuste_menor_pre_pilotaje | pilotar,auditoria/L014 | auditoria/L047 | fase-5b/banco-operacional/part-003.csv | fase-5b/remediacion-liviana/part-003.csv,no,,content/items/beta-v1/pedagogia/IDD_B11_I04.json,"Cuando el error es colectivo, la lectura formativa apunta a revisar mediacion, representaciones y secuencia de aprendizaje. La opcion A convierte el resultado en informacion para intervenir, no solo para clasificar."
MTV_B23_I01,PILOTAJE_CON_AJUSTE,75,pedagogia,Secuencias experimentales para conflicto cognitivo,por_confirmar,funcional,content/restructuring-v1/docente/pedagogia/por_confirmar/funcional/,"content/items/stand-by/Error, conflicto cognitivo y reestructuración de esquemas/MTV_B23_I01.json",L047,LISTO_PARA_PILOTAJE | OMITIDO_POR_AUDITORIA_PREVIA | OPERACIONAL_AJUSTADO,ajuste_menor_pre_pilotaje | pilotar,auditoria/L014 | auditoria/L047 | fase-5b/banco-operacional/part-003.csv | fase-5b/remediacion-liviana/part-003.csv,no,,content/items/beta-v1/pedagogia/MTV_B23_I01.json,"La opcion A conserva el nucleo del cambio conceptual: prediccion, contraste con evidencia y revision de la explicacion. Las otras opciones evitan o tercerizan esa confrontacion."
DIL_B07_I01,DESCARTE_TECNICO,-100,competencias_ciudadanas,,por_confirmar,funcional,"content/items/stand-by/Mecanismos de participación ciudadana: plebiscito, consulta y límites/DIL_B07_I01.json","content/items/stand-by/Mecanismos de participación ciudadana: plebiscito, consulta y límites/DIL_B07_I01.json",L053,DESCARTAR | OMITIDO_POR_AUDITORIA_PREVIA,,auditoria/L022 | auditoria/L053,no,,content/restructuring-v1/00-beta-v1/remanufactura/DIL_B07_I01.json,Ítem ya auditado en L022 con decisión DESCARTAR; no se reprocesa. / Es una diferenciación técnico-constitucional de plebiscito y consulta popular sin actuación docente observable ni valor funcional para el banco.
DIL_B07_I03,DESCARTE_TECNICO,-100,competencias_ciudadanas,,por_confirmar,funcional,"content/items/stand-by/Mecanismos de participación ciudadana: plebiscito, consulta y límites/DIL_B07_I03.json","content/items/stand-by/Mecanismos de participación ciudadana: plebiscito, consulta y límites/DIL_B07_I03.json",L053,DESCARTAR | OMITIDO_POR_AUDITORIA_PREVIA,,auditoria/L022 | auditoria/L053,no,,content/restructuring-v1/00-beta-v1/remanufactura/DIL_B07_I03.json,Ítem ya auditado en L022 con decisión DESCARTAR; no se reprocesa. / Se limita a clasificar mecanismos del artículo 103 de la Constitución; es memoria cívica sin decisión profesional observable.
DIL_B07_I04,DESCARTE_TECNICO,-100,competencias_ciudadanas,,por_confirmar,funcional,"content/items/stand-by/Mecanismos de participación ciudadana: plebiscito, consulta y límites/DIL_B07_I04.json","content/items/stand-by/Mecanismos de participación ciudadana: plebiscito, consulta y límites/DIL_B07_I04.json",L053,DESCARTAR | OMITIDO_POR_AUDITORIA_PREVIA,,auditoria/L022 | auditoria/L053,no,,content/restructuring-v1/00-beta-v1/remanufactura/DIL_B07_I04.json,"Ítem ya auditado en L022 con decisión DESCARTAR; no se reprocesa. / Aunque trata derechos de la infancia, sigue siendo una pregunta de principio constitucional con bajo anclaje al rol docente y baja utilidad para el banco."
IDD_B01_I01,DESCARTE_TECNICO,-100,competencias_ciudadanas,Diversidad de tonos de piel en el aula,por_confirmar,funcional,content/restructuring-v1/docente/competencias_ciudadanas/por_confirmar/comportamental/IDD_B01_I01.json,"content/items/stand-by/Sesgos culturales, lenguaje inclusivo y discriminación cotidiana/IDD_B01_I01.json",L001,DESCARTAR | LISTO_PARA_BANCO,,auditoria/L001 | auditoria/L027 | auditoria/L060,no,,content/restructuring-v1/00-beta-v1/remanufactura/IDD_B01_I01.json,"La expresión instala como norma un único tono de piel y borra la pluralidad corporal y cultural presente en el aula. / Pregunta de identificacion de sesgo con distractores extremados y baja discriminacion psicometrica real. / Aunque el caso es reconocible, la clave se vuelve moralmente obvia y los distractores no funcionan como errores pedagogicos plausibles sino como caricaturas patologizantes o disciplinarias."
CB08_I01,DESCARTE_TECNICO,-100,gestion,Referentes para actualización del PEI,rector_director_rural,funcional,content/restructuring-v1/docente/gestion/rector_director_rural/funcional/CB08_I01.json,content/items/stand-by/Referentes PEI/CB08_I01.json,L001,DESCARTAR | LISTO_PARA_PILOTAJE,,auditoria/L001 | auditoria/L026 | auditoria/L066 | auditoria/L077,no,,content/restructuring-v1/00-beta-v1/remanufactura/CB08_I01.json,"El PEI requiere una base integral: fines formativos, lectura del contexto, orientación pedagógica y acuerdos construidos por la comunidad educativa. / Solo pide seleccionar el conjunto correcto de referentes del PEI. La clave es evidente y los distractores representan errores demasiado gruesos para discriminar juicio institucional real. / Memoria conceptual sobre referentes del PEI sin lectura institucional situada. / Reduce el PEI a un listado generico de referentes y se resuelve por exclusion "
IDD_B17_I01,DESCARTE_TECNICO,-100,lectura_critica,aptitud_verbal,por_confirmar,funcional,content/items/lectura_critica/IDD_B17_I01.json,content/items/stand-by/Aptitud verbal y organización textual/IDD_B17_I01.json,L072,BANCO_OPERACIONAL | DESCARTAR | Listo para el banco,,auditoria/L030 | auditoria/L072 | content/items | content/items/_banco-operacional.csv,si,clave_ok | justificacion_ok | opciones_ok,content/restructuring-v1/00-beta-v1/remanufactura/IDD_B17_I01.json,La tarea es un ordenamiento secuencial mecanico y transparente; no alcanza el umbral de lectura critica ni aporta suficiente valor al perfil docente.
IDD_B17_I02,DESCARTE_TECNICO,-100,lectura_critica,aptitud_verbal,por_confirmar,funcional,content/items/lectura_critica/IDD_B17_I02.json,content/items/stand-by/Aptitud verbal y organización textual/IDD_B17_I02.json,L072,BANCO_OPERACIONAL | DESCARTAR | Listo para el banco,,auditoria/L030 | auditoria/L072 | content/items | content/items/_banco-operacional.csv,si,clave_ok | justificacion_ok | opciones_ok,content/restructuring-v1/00-beta-v1/remanufactura/IDD_B17_I02.json,Se resuelve por progresion narrativa demasiado evidente y mide una habilidad textual trivial para una prueba docente.
IDD_B17_I03,DESCARTE_TECNICO,-100,lectura_critica,aptitud_verbal,por_confirmar,funcional,content/items/lectura_critica/IDD_B17_I03.json,content/items/stand-by/Aptitud verbal y organización textual/IDD_B17_I03.json,L072,BANCO_OPERACIONAL | DESCARTAR | Listo para el banco,,auditoria/L030 | auditoria/L072 | content/items | content/items/_banco-operacional.csv,si,clave_ok | justificacion_ok | opciones_ok,content/restructuring-v1/00-beta-v1/remanufactura/IDD_B17_I03.json,El ejercicio de secuenciar fases de escritura queda en ordenamiento procedimental obvio y no discrimina una competencia docente sustantiva.
IDD_B17_I04,DESCARTE_TECNICO,-100,lectura_critica,aptitud_verbal,por_confirmar,funcional,content/items/lectura_critica/IDD_B17_I04.json,content/items/stand-by/Aptitud verbal y organización textual/IDD_B17_I04.json,L072,BANCO_OPERACIONAL | DESCARTAR | Listo para el banco,,auditoria/L030 | auditoria/L072 | content/items | content/items/_banco-operacional.csv,si,clave_ok | justificacion_ok | opciones_ok,content/restructuring-v1/00-beta-v1/remanufactura/IDD_B17_I04.json,La clave descansa casi por completo en marcadores discursivos demasiado visibles y no en una lectura critica de mayor nivel.
IDD_B17_I05,DESCARTE_TECNICO,-100,lectura_critica,aptitud_verbal,por_confirmar,funcional,content/items/lectura_critica/IDD_B17_I05.json,content/items/stand-by/Aptitud verbal y organización textual/IDD_B17_I05.json,L072,BANCO_OPERACIONAL | DESCARTAR | Listo para el banco,,auditoria/L030 | auditoria/L072 | content/items | content/items/_banco-operacional.csv,si,clave_ok | justificacion_ok | opciones_ok,content/restructuring-v1/00-beta-v1/remanufactura/IDD_B17_I05.json,"Aunque agrega una variacion temporal, la tarea sigue siendo mecanica y de baja relevancia para seleccion docente."
CB05_I01,DESCARTE_TECNICO,-100,normatividad,comunicacion_institucional,por_confirmar,comportamental,content/items/normatividad/CB05_I01.json,content/items/stand-by/Comunicación asertiva/CB05_I01.json,L072,BANCO_OPERACIONAL | DESCARTAR | LISTO_PARA_BANCO | LISTO_PARA_PILOTAJE | Listo para el banco,,auditoria/L030 | auditoria/L034 | auditoria/L060 | auditoria/L065 | auditoria/L072 | content/items | content/items/_banco-operacional.csv,si,clave_ok | justificacion_ok | opciones_ok,content/restructuring-v1/00-beta-v1/remanufactura/CB05_I01.json,"La clave es demasiado visible por superioridad moral y los distractores no compiten como errores profesionales plausibles. / La opcion B combina escucha, precision del problema y construccion conjunta de compromisos, que es justamente la forma mas defendible de comunicacion asertiva en un conflicto profesional. / La clave es demasiado visible por superioridad moral y las opciones incorrectas no compiten como errores profesionales plausibles. / La opción B integra escucha activa, delimitación obj"
CB05_I02,DESCARTE_TECNICO,-100,normatividad,comunicacion_institucional,por_confirmar,funcional,content/items/normatividad/CB05_I02.json,content/items/stand-by/Comunicación asertiva/CB05_I02.json,L072,BANCO_OPERACIONAL | DESCARTAR | LISTO_PARA_BANCO | Listo para el banco | OMITIDO_POR_AUDITORIA_PREVIA,,auditoria/L001 | auditoria/L030 | auditoria/L060 | auditoria/L065 | auditoria/L072 | content/items | content/items/_banco-operacional.csv,si,clave_ok | justificacion_ok | opciones_ok,content/restructuring-v1/00-beta-v1/remanufactura/CB05_I02.json,"Escenario potencialmente útil, pero la respuesta correcta destaca por tono virtuoso y las alternativas son caricaturescas. / Escuchar, validar y encauzar el caso a un espacio formal permite atender la inconformidad sin escalar el conflicto ni sacrificar el análisis objetivo de los hechos. / Ya fue auditado en L001; no se reprocesa en L030. / Escenario potencialmente util, pero la respuesta correcta destaca por tono virtuoso mientras las demas alternativas son caricaturescas."
CB05_I03,DESCARTE_TECNICO,-100,normatividad,comunicacion_institucional,por_confirmar,comportamental,content/items/normatividad/CB05_I03.json,content/items/stand-by/Comunicación asertiva/CB05_I03.json,L072,BANCO_OPERACIONAL | DESCARTAR | LISTO_PARA_BANCO | LISTO_PARA_PILOTAJE | Listo para el banco,,auditoria/L030 | auditoria/L034 | auditoria/L060 | auditoria/L065 | auditoria/L072 | content/items | content/items/_banco-operacional.csv,si,clave_ok | justificacion_ok | opciones_ok,content/restructuring-v1/00-beta-v1/remanufactura/CB05_I03.json,"Se resuelve por adhesión restaurativa obvia y las opciones incorrectas quedan demasiado punitivas o procedimentales. / La opcion A mantiene el foco restaurativo: escucha, reconocimiento de afectaciones y construccion inicial de acuerdos. Las demas alternativas se desplazan hacia punicion o humillacion. / Se resuelve por adhesion restaurativa obvia y las opciones incorrectas quedan demasiado punitivas o procedimentales. / La opción A estructura una mediación restaurativa: escucha, reconocimiento "
CEOL_B10_I01,DESCARTE_TECNICO,-100,normatividad,organizacion_educativa,por_confirmar,funcional,content/items/normatividad/CEOL_B10_I01.json,"content/items/stand-by/Autonomía institucional, enfoques de convivencia y organización del servicio educativo/CEOL_B10_I01.json",L035,BANCO_OPERACIONAL | DESCARTAR | Listo para el banco | OMITIDO_POR_AUDITORIA_PREVIA,,auditoria/L003 | auditoria/L035 | auditoria/L058 | auditoria/L077 | content/items | content/items/_banco-operacional.csv,si,clave_ok | justificacion_ok | opciones_ok,content/restructuring-v1/00-beta-v1/remanufactura/CEOL_B10_I01.json,"Se resuelve por memoria normativa casi textual sobre los enfoques de la Ley 1620. El caso es decorativo y no aporta juicio de gestion real. / Memoria normativa plana sobre enfoques de convivencia sin decisión institucional observable. / Ítem normativo de memoria casi textual sobre los enfoques de la Ley 1620. El contexto no transforma la tarea real, los distractores compiten poco y el valor discriminativo para el banco es insuficiente."
CEOL_B10_I05,DESCARTE_TECNICO,-100,normatividad,organizacion_educativa,por_confirmar,funcional,content/items/normatividad/CEOL_B10_I05.json,"content/items/stand-by/Autonomía institucional, enfoques de convivencia y organización del servicio educativo/CEOL_B10_I05.json",L035,BANCO_OPERACIONAL | DESCARTAR | Listo para el banco | OMITIDO_POR_AUDITORIA_PREVIA,,auditoria/L003 | auditoria/L035 | auditoria/L058 | auditoria/L077 | content/items | content/items/_banco-operacional.csv,si,clave_ok | justificacion_ok | opciones_ok,content/restructuring-v1/00-beta-v1/remanufactura/CEOL_B10_I05.json,"Depende de recordar cifras horarias exactas y mezcla varios cargos en opciones largas. La dificultad proviene del recuerdo literal y de la carga verbal, no de una decision de gestion autentica. / La tarea depende de cifras normativas recordadas literalmente y no de decisión institucional observable. / Ítem excesivamente dependiente de recordar cifras horarias exactas y de comparar varias reglas de cargos distintos dentro de opciones largas. La dificultad proviene del recuerdo literal y de la car"
DIL_B03_I01,DESCARTE_TECNICO,-100,normatividad,evolucion_normativa_infancia,por_confirmar,funcional,content/items/normatividad/DIL_B03_I01.json,content/items/stand-by/Evolución normativa - Código del Menor vs. Ley 1098/DIL_B03_I01.json,L016,BANCO_OPERACIONAL | DESCARTAR | Listo para el banco,,auditoria/L016 | content/items | content/items/_banco-operacional.csv,si,clave_ok | justificacion_ok | opciones_ok,content/restructuring-v1/00-beta-v1/remanufactura/DIL_B03_I01.json,"El ítem se apoya en recordar el contraste doctrinal entre situación irregular y protección integral, sin llevar esa diferencia a una decisión institucional o jurídica situada."
DIL_B03_I02,DESCARTE_TECNICO,-100,normatividad,evolucion_normativa_infancia,por_confirmar,funcional,content/items/normatividad/DIL_B03_I02.json,content/items/stand-by/Evolución normativa - Código del Menor vs. Ley 1098/DIL_B03_I02.json,L016,BANCO_OPERACIONAL | DESCARTAR | Listo para el banco,,auditoria/L016 | content/items | content/items/_banco-operacional.csv,si,clave_ok | justificacion_ok | opciones_ok,content/restructuring-v1/00-beta-v1/remanufactura/DIL_B03_I02.json,La tarea es una interpretación plana del concepto de situación irregular; predomina memoria jurídica y los distractores no ofrecen competencia suficiente.
DIL_B03_I03,DESCARTE_TECNICO,-100,normatividad,evolucion_normativa_infancia,por_confirmar,funcional,content/items/normatividad/DIL_B03_I03.json,content/items/stand-by/Evolución normativa - Código del Menor vs. Ley 1098/DIL_B03_I03.json,L016,BANCO_OPERACIONAL | DESCARTAR | Listo para el banco,,auditoria/L016 | content/items | content/items/_banco-operacional.csv,si,clave_ok | justificacion_ok | opciones_ok,content/restructuring-v1/00-beta-v1/remanufactura/DIL_B03_I03.json,"Aunque el contexto intenta situar el caso, la respuesta correcta depende sobre todo de recordar una formulación doctrinal general sobre titularidad de derechos y prevalencia del interés superior."
DIL_B05_I02,DESCARTE_TECNICO,-100,normatividad,menor_infractor,orientador,funcional,content/items/normatividad/DIL_B05_I02.json,"content/items/stand-by/Menor infractor, edad penal y rutas de protección/DIL_B05_I02.json",L064,BANCO_OPERACIONAL | DESCARTAR | LISTO_PARA_PILOTAJE | Listo para el banco,,auditoria/L022 | auditoria/L064 | content/items | content/items/_banco-operacional.csv,si,clave_ok | justificacion_ok | opciones_ok,content/restructuring-v1/00-beta-v1/remanufactura/DIL_B05_I02.json,"La respuesta correcta aplica la ruta administrativa de protección correspondiente a menores de 14 años, no el régimen penal adolescente ni la justicia ordinaria."
DIL_B05_I03,DESCARTE_TECNICO,-100,normatividad,menor_infractor,orientador,funcional,content/items/normatividad/DIL_B05_I03.json,"content/items/stand-by/Menor infractor, edad penal y rutas de protección/DIL_B05_I03.json",L064,BANCO_OPERACIONAL | DESCARTAR | LISTO_PARA_BANCO | Listo para el banco,,auditoria/L022 | auditoria/L064 | content/items | content/items/_banco-operacional.csv,si,clave_ok | justificacion_ok | opciones_ok,content/restructuring-v1/00-beta-v1/remanufactura/DIL_B05_I03.json,La respuesta correcta distingue dos rutas claramente diferentes: protección administrativa antes de los 14 años y sistema penal adolescente especializado a partir de los 14.
CB14_I02,DESCARTE_TECNICO,-100,pedagogia,,por_confirmar,funcional,content/items/stand-by/Propósitos de la educación/CB14_I02.json,content/items/stand-by/Propósitos de la educación/CB14_I02.json,L075,DESCARTAR | LISTO_PARA_PILOTAJE,,auditoria/L025 | auditoria/L075,no,,content/restructuring-v1/00-beta-v1/remanufactura/CB14_I02.json,"El ítem formula una adhesión casi declarativa a proyectos transversales valiosos, pero con una clave demasiado obvia y sin suficiente tensión cognitiva para discriminar bien."
CEOL_B01_I01,DESCARTE_TECNICO,-100,pedagogia,,por_confirmar,funcional,"content/items/stand-by/Sistema Nacional de Convivencia Escolar, Ruta de Atención y tipificación de situaciones/CEOL_B01_I01.json","content/items/stand-by/Sistema Nacional de Convivencia Escolar, Ruta de Atención y tipificación de situaciones/CEOL_B01_I01.json",L058,DESCARTAR,,auditoria/L028 | auditoria/L058 | auditoria/L068 | auditoria/L081,no,,content/restructuring-v1/00-beta-v1/remanufactura/CEOL_B01_I01.json,Memoria legal plana de ejes normativos sin ruta situada. / Pregunta de memoria literal sobre ejes del Sistema Nacional de Convivencia Escolar; no exige lectura situada de ruta ni decision profesional observable.
CEOL_B01_I02,DESCARTE_TECNICO,-100,pedagogia,,por_confirmar,funcional,"content/items/stand-by/Sistema Nacional de Convivencia Escolar, Ruta de Atención y tipificación de situaciones/CEOL_B01_I02.json","content/items/stand-by/Sistema Nacional de Convivencia Escolar, Ruta de Atención y tipificación de situaciones/CEOL_B01_I02.json",L058,DESCARTAR,,auditoria/L028 | auditoria/L058 | auditoria/L068 | auditoria/L081,no,,content/restructuring-v1/00-beta-v1/remanufactura/CEOL_B01_I02.json,Origen de la ley preguntado con contexto decorativo y sin decisión profesional observable. / Usa contexto escolar para preguntar el origen de la ley; el contexto no altera la tarea y la discriminacion potencial es baja.
CEOL_B01_I03,DESCARTE_TECNICO,-100,pedagogia,,por_confirmar,funcional,"content/items/stand-by/Sistema Nacional de Convivencia Escolar, Ruta de Atención y tipificación de situaciones/CEOL_B01_I03.json","content/items/stand-by/Sistema Nacional de Convivencia Escolar, Ruta de Atención y tipificación de situaciones/CEOL_B01_I03.json",L058,DESCARTAR,,auditoria/L028 | auditoria/L058 | auditoria/L068 | auditoria/L081,no,,content/restructuring-v1/00-beta-v1/remanufactura/CEOL_B01_I03.json,Recuerdo de componentes de la ruta sin convivencia aplicada ni proporcionalidad situada. / Reduce la Ruta de Atencion a recuerdo de componentes y no a decision situada frente a un caso.
CEOL_B01_I04,DESCARTE_TECNICO,-100,pedagogia,,por_confirmar,funcional,"content/items/stand-by/Sistema Nacional de Convivencia Escolar, Ruta de Atención y tipificación de situaciones/CEOL_B01_I04.json","content/items/stand-by/Sistema Nacional de Convivencia Escolar, Ruta de Atención y tipificación de situaciones/CEOL_B01_I04.json",L058,DESCARTAR,,auditoria/L028 | auditoria/L058 | auditoria/L068 | auditoria/L081,no,,content/restructuring-v1/00-beta-v1/remanufactura/CEOL_B01_I04.json,Clasificación memorística de niveles del sistema con baja dificultad auténtica. / Pregunta solo la jerarquia del sistema; es clasificacion memoristica con poco valor para el banco.
CEOL_B02_I02,DESCARTE_TECNICO,-100,pedagogia,,por_confirmar,funcional,"content/items/stand-by/Enfoque de derechos, debido proceso y justicia restaurativa/CEOL_B02_I02.json","content/items/stand-by/Enfoque de derechos, debido proceso y justicia restaurativa/CEOL_B02_I02.json",L013-A,DESCARTAR,,auditoria/L013 | auditoria/L068 | auditoria/L078,no,,content/restructuring-v1/00-beta-v1/remanufactura/CEOL_B02_I02.json,Se queda en una interpretación general de sujetos de derechos con distractores demasiado obvios; no exige juicio profesional situado ni discrimina bien. / Pregunta definicional sobre sujeto de derechos; no exige actuación profesional observable.
CEOL_B02_I03,DESCARTE_TECNICO,-100,pedagogia,,por_confirmar,funcional,"content/items/stand-by/Enfoque de derechos, debido proceso y justicia restaurativa/CEOL_B02_I03.json","content/items/stand-by/Enfoque de derechos, debido proceso y justicia restaurativa/CEOL_B02_I03.json",L013-A,DESCARTAR,,auditoria/L013 | auditoria/L068 | auditoria/L078,no,,content/restructuring-v1/00-beta-v1/remanufactura/CEOL_B02_I03.json,La clave depende de recordar la prevalencia constitucional de los derechos de NNA; el caso no añade una decisión escolar suficientemente exigente. / Depende de memoria constitucional y baja discriminación en contexto escolar situado.
CEOL_B04_I01,DESCARTE_TECNICO,-100,pedagogia,,por_confirmar,funcional,"content/items/stand-by/Corresponsabilidad, entorno y cuidado institucional/CEOL_B04_I01.json","content/items/stand-by/Corresponsabilidad, entorno y cuidado institucional/CEOL_B04_I01.json",L006-A,DESCARTAR,,auditoria/L006,no,,content/restructuring-v1/00-beta-v1/remanufactura/CEOL_B04_I01.json,Memoria normativa casi literal sobre los tres actores corresponsables. El contexto no cambia la tarea real y los distractores son demasiado débiles para sostener valor psicométrico.
CEOL_B05_I01,DESCARTE_TECNICO,-100,pedagogia,,por_confirmar,funcional,"content/items/stand-by/PEI, currículo oficial y Manual de Convivencia/CEOL_B05_I01.json","content/items/stand-by/PEI, currículo oficial y Manual de Convivencia/CEOL_B05_I01.json",L024,DESCARTAR,,auditoria/L024 | auditoria/L059 | auditoria/L066 | auditoria/L077,no,,content/restructuring-v1/00-beta-v1/remanufactura/CEOL_B05_I01.json,Pregunta definicion de curriculo oficial frente a curriculo oculto y nulo. El contexto institucional es decorativo y no exige articulacion situada. / El item solo pide distinguir curriculo oficial de curriculo oculto y nulo. El contexto institucional no cambia la tarea y la respuesta depende de memoria conceptual plana. / Taxonomía curricular plana sin lectura institucional situada. / Pregunta de clasificación doctrinal sobre currículo oficial frente a currículo oculto y nulo. El contexto no obl
CEOL_B05_I02,DESCARTE_TECNICO,-100,pedagogia,,por_confirmar,funcional,"content/items/stand-by/PEI, currículo oficial y Manual de Convivencia/CEOL_B05_I02.json","content/items/stand-by/PEI, currículo oficial y Manual de Convivencia/CEOL_B05_I02.json",L024,DESCARTAR,,auditoria/L024 | auditoria/L059 | auditoria/L066 | auditoria/L077,no,,content/restructuring-v1/00-beta-v1/remanufactura/CEOL_B05_I02.json,"La tarea real es recordar la relacion jerarquica entre PEI y Manual de Convivencia, no resolver una decision institucional observable. / Se disfraza de articulacion institucional, pero la tarea real es recordar la diferencia jerarquica entre PEI y Manual de Convivencia. Baja discriminacion y distractores obvios. / Jerarquía documental preguntada como memoria conceptual con contexto decorativo. / El enunciado aparenta lectura institucional, pero la operación mental central es recordar la jerarquí"
CEOL_B05_I03,DESCARTE_TECNICO,-100,pedagogia,,por_confirmar,funcional,"content/items/stand-by/PEI, currículo oficial y Manual de Convivencia/CEOL_B05_I03.json","content/items/stand-by/PEI, currículo oficial y Manual de Convivencia/CEOL_B05_I03.json",L024,DESCARTAR,,auditoria/L024 | auditoria/L059 | auditoria/L066 | auditoria/L077,no,,content/restructuring-v1/00-beta-v1/remanufactura/CEOL_B05_I03.json,"Item taxonomico sobre funcion estructural de PEI, curriculo y manual. Los distractores son conceptuales, no errores institucionales plausibles. / Reduce la relacion entre PEI, curriculo y manual a taxonomia estructural. No exige decision institucional concreta ni lectura situada del funcionamiento escolar. / Relación PEI-currículo-manual convertida en taxonomía funcional memorística, sin decisión observable. / Reduce la relación PEI-currículo-manual a una taxonomía de funciones. No exige resolve"
CEOL_B06_I01,DESCARTE_TECNICO,-100,pedagogia,,por_confirmar,funcional,"content/items/stand-by/Evaluación formativa, mejora continua y lenguaje evaluativo/CEOL_B06_I01.json","content/items/stand-by/Evaluación formativa, mejora continua y lenguaje evaluativo/CEOL_B06_I01.json",L015,DESCARTAR,,auditoria/L015 | auditoria/L073 | auditoria/L074,no,,content/restructuring-v1/00-beta-v1/remanufactura/CEOL_B06_I01.json,"Es una pregunta definicional sobre el rasgo general de la evaluación formativa; no exige resolución pedagógica situada ni uso real de evidencia para mejorar el aprendizaje. / La respuesta correcta depende de un reconocimiento definicional de evaluación formativa y no de una decisión basada en evidencia. / Formula la evaluacion formativa como definicion correcta frente a distractores muy previsibles. No pide usar evidencia, ni retroalimentacion, ni reajuste didactico en una situacion profesional "
CEOL_B06_I02,DESCARTE_TECNICO,-100,pedagogia,,por_confirmar,funcional,"content/items/stand-by/Evaluación formativa, mejora continua y lenguaje evaluativo/CEOL_B06_I02.json","content/items/stand-by/Evaluación formativa, mejora continua y lenguaje evaluativo/CEOL_B06_I02.json",L015,DESCARTAR,,auditoria/L015 | auditoria/L073 | auditoria/L074,no,,content/restructuring-v1/00-beta-v1/remanufactura/CEOL_B06_I02.json,"Se centra en el objetivo general de evaluar por competencias y no en evaluación formativa como uso de evidencia; queda demasiado conceptual para el foco del lote. / Se mueve en generalidades sobre competencias y mejora, con pseudoanálisis y bajo valor de discriminación para el banco. / Se limita a preguntar el objetivo general de evaluar por competencias. La clave se reconoce por discurso oficial y los distractores no representan errores finos de interpretacion evaluativa."
CEOL_B07_I03,DESCARTE_TECNICO,-100,pedagogia,,por_confirmar,funcional,"content/items/stand-by/Ideas previas, conflicto cognitivo y desarrollo constructivista/CEOL_B07_I03.json","content/items/stand-by/Ideas previas, conflicto cognitivo y desarrollo constructivista/CEOL_B07_I03.json",L018,DESCARTAR,,auditoria/L018,no,,content/restructuring-v1/00-beta-v1/remanufactura/CEOL_B07_I03.json,Pseudoanalisis basado en definicion epistemologica del constructivismo. El item no exige accion docente observable y sus distractores son caricaturescos.
CEOL_B07_I04,DESCARTE_TECNICO,-100,pedagogia,,por_confirmar,funcional,"content/items/stand-by/Ideas previas, conflicto cognitivo y desarrollo constructivista/CEOL_B07_I04.json","content/items/stand-by/Ideas previas, conflicto cognitivo y desarrollo constructivista/CEOL_B07_I04.json",L018,DESCARTAR,,auditoria/L018,no,,content/restructuring-v1/00-beta-v1/remanufactura/CEOL_B07_I04.json,El contexto es decorativo y la tarea real es reconocer la formulacion teorica correcta sobre asimilacion. No aporta evidencia aplicable al rol docente.
CEOL_B07_I05,DESCARTE_TECNICO,-100,pedagogia,,por_confirmar,funcional,"content/items/stand-by/Ideas previas, conflicto cognitivo y desarrollo constructivista/CEOL_B07_I05.json","content/items/stand-by/Ideas previas, conflicto cognitivo y desarrollo constructivista/CEOL_B07_I05.json",L018,DESCARTAR,,auditoria/L018,no,,content/restructuring-v1/00-beta-v1/remanufactura/CEOL_B07_I05.json,"Recuerda la relacion entre conflicto cognitivo, desequilibrio y acomodacion, pero no observa una decision pedagogica ni ofrece distractores con fuerza discriminativa suficiente."
CEOL_B07_I06,DESCARTE_TECNICO,-100,pedagogia,,por_confirmar,funcional,"content/items/stand-by/Ideas previas, conflicto cognitivo y desarrollo constructivista/CEOL_B07_I06.json","content/items/stand-by/Ideas previas, conflicto cognitivo y desarrollo constructivista/CEOL_B07_I06.json",L018,DESCARTAR,,auditoria/L018,no,,content/restructuring-v1/00-beta-v1/remanufactura/CEOL_B07_I06.json,"Mide definicion de equilibrio cognitivo y saber hacer en contexto mediante opciones obvias, sin convertir el concepto en accion docente observable."
CEOL_B08_I02,DESCARTE_TECNICO,-100,pedagogia,,por_confirmar,funcional,"content/items/stand-by/Enseñar, formar, motivación didáctica y competencias socioemocionales/CEOL_B08_I02.json","content/items/stand-by/Enseñar, formar, motivación didáctica y competencias socioemocionales/CEOL_B08_I02.json",L014,DESCARTAR,,auditoria/L014,no,,content/restructuring-v1/00-beta-v1/remanufactura/CEOL_B08_I02.json,Pregunta una definicion de enseñar por competencias y no una comparacion didactica fina con accion observable.
CEOL_B08_I03,DESCARTE_TECNICO,-100,pedagogia,,por_confirmar,funcional,"content/items/stand-by/Enseñar, formar, motivación didáctica y competencias socioemocionales/CEOL_B08_I03.json","content/items/stand-by/Enseñar, formar, motivación didáctica y competencias socioemocionales/CEOL_B08_I03.json",L014,DESCARTAR,,auditoria/L014,no,,content/restructuring-v1/00-beta-v1/remanufactura/CEOL_B08_I03.json,Se apoya en un lugar comun sobre formacion integral y distractores moralmente demasiado obvios.
CEOL_B08_I05,DESCARTE_TECNICO,-100,pedagogia,,por_confirmar,funcional,"content/items/stand-by/Enseñar, formar, motivación didáctica y competencias socioemocionales/CEOL_B08_I05.json","content/items/stand-by/Enseñar, formar, motivación didáctica y competencias socioemocionales/CEOL_B08_I05.json",L014,DESCARTAR,,auditoria/L014,no,,content/restructuring-v1/00-beta-v1/remanufactura/CEOL_B08_I05.json,La clave depende de clasificacion normativa plana sobre competencias comportamentales segun una guia; no hay accion docente observable.
DIL_B01_I01,DESCARTE_TECNICO,-100,pedagogia,,por_confirmar,basica,"content/items/stand-by/Corresponsabilidad, protección integral y sujetos de derechos/DIL_B01_I01.json","content/items/stand-by/Corresponsabilidad, protección integral y sujetos de derechos/DIL_B01_I01.json",L029,DESCARTAR | OMITIDO_POR_AUDITORIA_PREVIA,,auditoria/L006 | auditoria/L029 | auditoria/L053,no,,content/restructuring-v1/00-beta-v1/remanufactura/DIL_B01_I01.json,"La clave depende del recuerdo directo del nombre del principio y el contexto no añade una decisión profesional observable. / Pregunta por el nombre del principio jurídico de la Ley 1098. La tarea es nominal, el contexto no agrega decisión real y los distractores son de relleno. / Ítem ya auditado en L029 con decisión DESCARTAR; no se reprocesa."
DIL_B01_I02,DESCARTE_TECNICO,-100,pedagogia,,por_confirmar,basica,"content/items/stand-by/Corresponsabilidad, protección integral y sujetos de derechos/DIL_B01_I02.json","content/items/stand-by/Corresponsabilidad, protección integral y sujetos de derechos/DIL_B01_I02.json",L029,DESCARTAR | OMITIDO_POR_AUDITORIA_PREVIA,,auditoria/L006 | auditoria/L029 | auditoria/L053,no,,content/restructuring-v1/00-beta-v1/remanufactura/DIL_B01_I02.json,Pregunta memorística sobre los tres corresponsables; no exige juicio institucional ni genera evidencia útil para el banco. / Ítem redundante y casi textual sobre la tríada familia-sociedad-Estado. Valor psicométrico bajo y solapamiento con otros del mismo bloque. / Ítem ya auditado en L029 con decisión DESCARTAR; no se reprocesa.
DIL_B01_I04,DESCARTE_TECNICO,-100,pedagogia,,por_confirmar,basica,"content/items/stand-by/Corresponsabilidad, protección integral y sujetos de derechos/DIL_B01_I04.json","content/items/stand-by/Corresponsabilidad, protección integral y sujetos de derechos/DIL_B01_I04.json",L029,DESCARTAR | OMITIDO_POR_AUDITORIA_PREVIA,,auditoria/L006 | auditoria/L029 | auditoria/L053,no,,content/restructuring-v1/00-beta-v1/remanufactura/DIL_B01_I04.json,Se queda en definición general de sujetos de derechos y no convierte el contexto en una actuación pedagógica o institucional observable. / Definición declarativa de sujetos titulares de derechos con distractores poco plausibles. La tarea es conceptual básica y no aporta suficiente evidencia de juicio o aplicación. / Ítem ya auditado en L029 con decisión DESCARTAR; no se reprocesa.
DIL_B01_I05,DESCARTE_TECNICO,-100,pedagogia,,por_confirmar,basica,"content/items/stand-by/Corresponsabilidad, protección integral y sujetos de derechos/DIL_B01_I05.json","content/items/stand-by/Corresponsabilidad, protección integral y sujetos de derechos/DIL_B01_I05.json",L029,DESCARTAR | OMITIDO_POR_AUDITORIA_PREVIA,,auditoria/L006 | auditoria/L029 | auditoria/L053,no,,content/restructuring-v1/00-beta-v1/remanufactura/DIL_B01_I05.json,Duplica el foco memorístico de DIL_B01_I02 y no aporta mejor discriminación ni mayor valor de banco. / Duplica el foco de memoria normativa sobre la corresponsabilidad y repite la misma tríada de actores con poca novedad evaluativa. / Ítem ya auditado en L029 con decisión DESCARTAR; no se reprocesa.
DIL_B02_I01,DESCARTE_TECNICO,-100,pedagogia,Concepto básico del procedimiento,orientador,funcional,content/restructuring-v1/docente/normatividad/orientador/basica/DIL_B02_I01.json,content/items/stand-by/PARD y restablecimiento de derechos/DIL_B02_I01.json,L023,DESCARTAR | LISTO_PARA_PILOTAJE,,auditoria/L001 | auditoria/L023 | auditoria/L064,no,,content/restructuring-v1/00-beta-v1/remanufactura/DIL_B02_I01.json,"Pregunta por la expansion de la sigla PARD y su definicion general, lo que la convierte en memoria legal plana de baja utilidad para el banco. / PARD nombra el procedimiento administrativo de protección orientado a restablecer derechos vulnerados o amenazados de niños, niñas y adolescentes."
DIL_B02_I05,DESCARTE_TECNICO,-100,pedagogia,,por_confirmar,funcional,content/items/stand-by/PARD y restablecimiento de derechos/DIL_B02_I05.json,content/items/stand-by/PARD y restablecimiento de derechos/DIL_B02_I05.json,L023,DESCARTAR,,auditoria/L023 | auditoria/L064,no,,content/restructuring-v1/00-beta-v1/remanufactura/DIL_B02_I05.json,La pregunta termina evaluando la definicion del hogar sustituto como medida provisional y no una decision situada de proteccion o una actuacion institucional concreta.
DIL_B04_I02,DESCARTE_TECNICO,-100,pedagogia,,por_confirmar,funcional,"content/items/stand-by/Responsabilidad legal escolar, riesgos y prohibición de tratos degradantes/DIL_B04_I02.json","content/items/stand-by/Responsabilidad legal escolar, riesgos y prohibición de tratos degradantes/DIL_B04_I02.json",L081,DESCARTAR,,auditoria/L027 | auditoria/L068 | auditoria/L078 | auditoria/L081,no,,content/restructuring-v1/00-beta-v1/remanufactura/DIL_B04_I02.json,"Se resuelve por recuerdo del principio de prohibición de tratos degradantes y no por actuación escolar situada. / El item pregunta por el principio constitucional o legal que fundamenta la prohibicion de tratos degradantes y se resuelve por memoria normativa, no por actuacion escolar situada."
DIL_B06_I01,DESCARTE_TECNICO,-100,pedagogia,,preescolar,funcional,content/restructuring-v1/docente/competencias_ciudadanas/preescolar/funcional/DIL_B06_I01.json,"content/items/stand-by/Participación infantil, agencia y Convención sobre los Derechos del Niño/DIL_B06_I01.json",L024,DESCARTAR | OMITIDO_POR_AUDITORIA_PREVIA,,auditoria/L024 | auditoria/L053,no,,content/restructuring-v1/00-beta-v1/remanufactura/DIL_B06_I01.json,La clave depende de recordar literalmente el Articulo 12 de la Convencion sobre los Derechos del Nino. Predomina memoria normativa declarativa. / Ítem ya auditado en L024 y registrado como omitido en L042; no se reprocesa.
DIL_B08_I01,DESCARTE_TECNICO,-100,pedagogia,,por_confirmar,funcional,content/items/stand-by/Aptitud numérica: porcentajes y proporcionalidad/DIL_B08_I01.json,content/items/stand-by/Aptitud numérica: porcentajes y proporcionalidad/DIL_B08_I01.json,L030,DESCARTAR,,auditoria/L030,no,,content/restructuring-v1/00-beta-v1/remanufactura/DIL_B08_I01.json,"El archivo aparece en el arbol web de GitHub, pero no fue recuperable por la API de contenidos ni por URL directa. Sin acceso al contenido no se puede validar clave, dificultad ni valor para el banco."
DIL_B08_I02,DESCARTE_TECNICO,-100,pedagogia,,por_confirmar,funcional,content/items/stand-by/Aptitud numérica: porcentajes y proporcionalidad/DIL_B08_I02.json,content/items/stand-by/Aptitud numérica: porcentajes y proporcionalidad/DIL_B08_I02.json,L030,DESCARTAR,,auditoria/L030,no,,content/restructuring-v1/00-beta-v1/remanufactura/DIL_B08_I02.json,"El archivo aparece en el arbol web de GitHub, pero no fue recuperable por la API de contenidos ni por URL directa. Sin acceso al contenido no se puede validar clave, dificultad ni valor para el banco."
DIL_B08_I03,DESCARTE_TECNICO,-100,pedagogia,,por_confirmar,funcional,content/items/stand-by/Aptitud numérica: porcentajes y proporcionalidad/DIL_B08_I03.json,content/items/stand-by/Aptitud numérica: porcentajes y proporcionalidad/DIL_B08_I03.json,L030,DESCARTAR,,auditoria/L030,no,,content/restructuring-v1/00-beta-v1/remanufactura/DIL_B08_I03.json,"El archivo aparece en el arbol web de GitHub, pero no fue recuperable por la API de contenidos ni por URL directa. Sin acceso al contenido no se puede validar clave, dificultad ni valor para el banco."
EFCC_B01_I03,DESCARTE_TECNICO,-100,pedagogia,,por_confirmar,funcional,"content/items/stand-by/Evaluación technicista, punitiva y formativa/EFCC_B01_I03.json","content/items/stand-by/Evaluación technicista, punitiva y formativa/EFCC_B01_I03.json",L054,DESCARTAR | OMITIDO_POR_AUDITORIA_PREVIA,,auditoria/L016 | auditoria/L054,no,,content/restructuring-v1/00-beta-v1/remanufactura/EFCC_B01_I03.json,La pregunta termina pidiendo la definición funcional de evaluación procesual formativa; el contraste entre opciones es demasiado evidente y la tarea no exige una decisión situada real.
EFCC_B02_I01,DESCARTE_TECNICO,-100,pedagogia,,por_confirmar,funcional,"content/items/stand-by/Criterios, instrumentos y tipos de evaluacion/EFCC_B02_I01.json","content/items/stand-by/Criterios, instrumentos y tipos de evaluacion/EFCC_B02_I01.json",L007,DESCARTAR,,auditoria/L007,no,,content/restructuring-v1/00-beta-v1/remanufactura/EFCC_B02_I01.json,Pseudoanalisis con contexto decorativo; la clave se reconoce por memoria conceptual y los distractores son caricaturescos.
EFCC_B02_I02,DESCARTE_TECNICO,-100,pedagogia,,por_confirmar,funcional,"content/items/stand-by/Criterios, instrumentos y tipos de evaluacion/EFCC_B02_I02.json","content/items/stand-by/Criterios, instrumentos y tipos de evaluacion/EFCC_B02_I02.json",L007,DESCARTAR,,auditoria/L007,no,,content/restructuring-v1/00-beta-v1/remanufactura/EFCC_B02_I02.json,Depende de memoria literal sobre criterios e instrumentos de evaluacion; la discriminacion esperable es baja por opciones obvias.
EFCC_B02_I03,DESCARTE_TECNICO,-100,pedagogia,,por_confirmar,funcional,"content/items/stand-by/Criterios, instrumentos y tipos de evaluacion/EFCC_B02_I03.json","content/items/stand-by/Criterios, instrumentos y tipos de evaluacion/EFCC_B02_I03.json",L007,DESCARTAR,,auditoria/L007,no,,content/restructuring-v1/00-beta-v1/remanufactura/EFCC_B02_I03.json,Se resuelve por reconocimiento terminologico y no por juicio pedagogico; presenta distractores debiles y dificultad artificial.
EFCC_B02_I04,DESCARTE_TECNICO,-100,pedagogia,,por_confirmar,funcional,"content/items/stand-by/Criterios, instrumentos y tipos de evaluacion/EFCC_B02_I04.json","content/items/stand-by/Criterios, instrumentos y tipos de evaluacion/EFCC_B02_I04.json",L007,DESCARTAR,,auditoria/L007,no,,content/restructuring-v1/00-beta-v1/remanufactura/EFCC_B02_I04.json,La ruta fuente no resolvio en la rama master y no fue posible auditar ni corregir el item con trazabilidad suficiente.
EFCC_B06_I04,DESCARTE_TECNICO,-100,pedagogia,,por_confirmar,funcional,"content/items/stand-by/Evaluación cualitativa, formativa y participativa/EFCC_B06_I04.json","content/items/stand-by/Evaluación cualitativa, formativa y participativa/EFCC_B06_I04.json",L054,DESCARTAR | OMITIDO_POR_AUDITORIA_PREVIA,,auditoria/L015 | auditoria/L054 | auditoria/L074,no,,content/restructuring-v1/00-beta-v1/remanufactura/EFCC_B06_I04.json,"Se reduce a nombrar autoevaluación, coevaluación y heteroevaluación; el contexto es decorativo, la clave es obvia y no exige una decisión pedagógica real. / El ítem deriva hacia clasificación evaluativa y deja la acción pedagógica en segundo plano; el contexto no aporta evidencia real."
EIP_B01_I01,DESCARTE_TECNICO,-100,pedagogia,proyectos_pedagogicos,por_confirmar,funcional,content/items/pedagogia/EIP_B01_I01.json,content/items/stand-by/Currículo obligatorio y proyectos pedagógicos transversales/EIP_B01_I01.json,L008,BANCO_OPERACIONAL | DESCARTAR | Listo para el banco,,auditoria/L008 | content/items | content/items/_banco-operacional.csv,si,clave_ok | justificacion_ok | opciones_ok,content/restructuring-v1/00-beta-v1/remanufactura/EIP_B01_I01.json,La clave depende del recuerdo textual del artículo 14 de la Ley 115 y premia memoria normativa literal más que comprensión o decisión curricular.
EIP_B02_I02,DESCARTE_TECNICO,-100,pedagogia,,por_confirmar,funcional,content/items/stand-by/Marco legal del preescolar y organización del nivel/EIP_B02_I02.json,content/items/stand-by/Marco legal del preescolar y organización del nivel/EIP_B02_I02.json,L022,DESCARTAR,,auditoria/L022,no,,content/restructuring-v1/00-beta-v1/remanufactura/EIP_B02_I02.json,El ítem se reduce a recordar los grados del nivel preescolar y cuál es obligatorio. No produce evidencia de decisión pedagógica o institucional.
EIP_B02_I03,DESCARTE_TECNICO,-100,pedagogia,,por_confirmar,funcional,content/items/stand-by/Marco legal del preescolar y organización del nivel/EIP_B02_I03.json,content/items/stand-by/Marco legal del preescolar y organización del nivel/EIP_B02_I03.json,L022,DESCARTAR,,auditoria/L022,no,,content/restructuring-v1/00-beta-v1/remanufactura/EIP_B02_I03.json,"Aunque presenta un caso, la respuesta depende de recuperar literalmente los principios normativos del nivel, con baja discriminación esperada."
EIP_B03_I01,DESCARTE_TECNICO,-100,pedagogia,,por_confirmar,funcional,content/items/stand-by/Desarrollo integral en preescolar - cinco dimensiones/EIP_B03_I01.json,content/items/stand-by/Desarrollo integral en preescolar - cinco dimensiones/EIP_B03_I01.json,L010-A,DESCARTAR,,auditoria/L010,no,,content/restructuring-v1/00-beta-v1/remanufactura/EIP_B03_I01.json,"Depende del recuerdo literal de la lista del artículo 15 de la Ley 115 y reduce el desarrollo integral a nomenclatura normativa, justo el riesgo que este lote debía evitar."
EIP_B04_I01,DESCARTE_TECNICO,-100,pedagogia,Reconocimiento del cuerpo,preescolar,funcional,content/restructuring-v1/docente/pedagogia/preescolar/basica/EIP_B04_I01.json,"content/items/stand-by/Identidad, autonomía y reconocimiento del cuerpo/EIP_B04_I01.json",L001,DESCARTAR | LISTO_PARA_PILOTAJE,,auditoria/L001 | auditoria/L019,no,,content/restructuring-v1/00-beta-v1/remanufactura/EIP_B04_I01.json,"La secuencia promueve autoconocimiento, aceptación corporal, identidad y autonomía, todos ejes centrales del nivel preescolar. / El contexto no compensa que la respuesta dependa del reconocimiento casi textual del objetivo legal y de distractores muy débiles, por lo que aporta poca evidencia sobre decisión pedagógica real."
GA02_B05_I01,DESCARTE_TECNICO,-100,pedagogia,,por_confirmar,funcional,content/items/stand-by/Concepto y tipos de currículo/GA02_B05_I01_concepto_curriculo.json,content/items/stand-by/Concepto y tipos de currículo/GA02_B05_I01_concepto_curriculo.json,L032,DESCARTAR,,auditoria/L032 | auditoria/L059 | auditoria/L066,no,,content/restructuring-v1/00-beta-v1/remanufactura/GA02_B05_I01.json,Mide recuerdo definicional del concepto legal de curriculo y no exige interpretacion institucional ni decision pedagogica observable. / Definición legal de currículo sin aplicación institucional ni mediación docente observable. / Mide definición literal de currículo educativo con base en Ley 115. La dificultad es baja y el valor funcional para perfil docente es insuficiente.
GA02_B05_I02,DESCARTE_TECNICO,-100,pedagogia,,por_confirmar,funcional,content/items/stand-by/Concepto y tipos de currículo/GA02_B05_I02_curriculo_oficial.json,content/items/stand-by/Concepto y tipos de currículo/GA02_B05_I02_curriculo_oficial.json,L032,DESCARTAR,,auditoria/L032 | auditoria/L059 | auditoria/L066,no,,content/restructuring-v1/00-beta-v1/remanufactura/GA02_B05_I02.json,"Se resuelve por reconocimiento del nombre tecnico de curriculo oficial y no agrega valor frente a versiones curriculares mas fuertes ya auditadas. / Reconocimiento doctrinal del currículo oficial sin tarea profesional auténtica. / Pseudoaplicación: pese al contexto institucional, la tarea sigue siendo distinguir currículo oficial como categoría documental, sin una decisión curricular situada."
GA02_B05_I03,DESCARTE_TECNICO,-100,pedagogia,,por_confirmar,funcional,content/items/stand-by/Concepto y tipos de currículo/GA02_B05_I03_curriculo_oculto.json,content/items/stand-by/Concepto y tipos de currículo/GA02_B05_I03_curriculo_oculto.json,L032,DESCARTAR,,auditoria/L032 | auditoria/L059 | auditoria/L066,no,,content/restructuring-v1/00-beta-v1/remanufactura/GA02_B05_I03.json,"Aunque usa caso escolar, la tarea real es poner etiqueta al concepto y duplica una version mas fuerte ya auditada sobre curriculo oculto. / Nombrar currículo oculto como etiqueta no aporta lectura curricular situada ni toma de decisiones. / El caso de aula desemboca en nombrar el currículo oculto. La respuesta correcta depende de taxonomía conceptual y no de juicio pedagógico fino o lectura institucional útil."
GA02_B05_I04,DESCARTE_TECNICO,-100,pedagogia,,por_confirmar,funcional,content/items/stand-by/Concepto y tipos de currículo/GA02_B05_I04_curriculo_nulo.json,content/items/stand-by/Concepto y tipos de currículo/GA02_B05_I04_curriculo_nulo.json,L032,DESCARTAR,,auditoria/L032 | auditoria/L059 | auditoria/L066,no,,content/restructuring-v1/00-beta-v1/remanufactura/GA02_B05_I04.json,"Es una version mas debil y taxonomica del curriculo nulo, ya cubierta por un item previo con mejor lectura aplicada. / Identificación de currículo nulo por definición extensa sin valor docente auténtico. / Se limita a identificar el currículo nulo a partir de una definición extensa. No mide toma de decisiones curriculares, coherencia PEI-currículo ni actuación docente real."
GA02_B08,DESCARTE_TECNICO,-100,pedagogia,,por_confirmar,funcional,content/items/stand-by/Normatividad y fines de la educación/GA02_B08.json,content/items/stand-by/Normatividad y fines de la educación/GA02_B08.json,L023,DESCARTAR,,auditoria/L023 | auditoria/L075,no,,content/restructuring-v1/00-beta-v1/remanufactura/GA02_B08.json,"El archivo aparecio listado en GitHub, pero no fue recuperable por la API de contenidos ni por URL directa durante esta auditoria. Sin acceso al contenido no es posible verificar clave, trazabilidad ni calidad psicometrica."
IDD_B01_I02,DESCARTE_TECNICO,-100,pedagogia,Mediacion docente frente a expresion discriminatoria naturalizada,por_confirmar,comportamental,content/restructuring-v1/docente/competencias_ciudadanas/por_confirmar/comportamental/IDD_B01_I02.json,"content/items/stand-by/Sesgos culturales, lenguaje inclusivo y discriminación cotidiana/IDD_B01_I02.json",L060,DESCARTAR | LISTO_PARA_PILOTAJE,,auditoria/L027 | auditoria/L060,no,,content/restructuring-v1/00-beta-v1/remanufactura/IDD_B01_I02.json,"La mejor intervencion es demasiado evidente y las alternativas restantes caen en omision o pseudoempatia punitiva. / La opcion correcta trabaja el sesgo como oportunidad de aprendizaje, no como falta moral a castigar ni como asunto a omitir. Invita a observar, contrastar y reconstruir el lenguaje usado por el grupo."
IDD_B01_I03,DESCARTE_TECNICO,-100,pedagogia,Mediación docente frente a lenguaje estigmatizante,por_confirmar,comportamental,content/restructuring-v1/docente/competencias_ciudadanas/por_confirmar/comportamental/IDD_B01_I03.json,"content/items/stand-by/Sesgos culturales, lenguaje inclusivo y discriminación cotidiana/IDD_B01_I03.json",L060,DESCARTAR | LISTO_PARA_PILOTAJE,,auditoria/L046 | auditoria/L060,no,,content/restructuring-v1/00-beta-v1/remanufactura/IDD_B01_I03.json,"Predomina la adhesión discursiva a lenguaje de derechos; la tarea se resuelve por vocabulario normativo y no por juicio pedagógico fino. / La opción B es la más sólida porque corrige el lenguaje de forma profesional y pedagógica, explicita el impacto del término en la dignidad y evita que la conversación siga organizada alrededor del déficit. Además, reconduce la discusión hacia decisiones institucionales observables sobre participación y apoyos."
IDD_B01_I04,DESCARTE_TECNICO,-100,pedagogia,,por_confirmar,funcional,"content/items/stand-by/Sesgos culturales, lenguaje inclusivo y discriminación cotidiana/IDD_B01_I04.json","content/items/stand-by/Sesgos culturales, lenguaje inclusivo y discriminación cotidiana/IDD_B01_I04.json",L060,DESCARTAR,,auditoria/L060,no,,content/restructuring-v1/00-beta-v1/remanufactura/IDD_B01_I04.json,La clave conceptual del conflicto cognitivo es visible y los distractores no modelan errores docentes suficientemente plausibles.
IDD_B04_I01,DESCARTE_TECNICO,-100,pedagogia,,por_confirmar,funcional,"content/items/stand-by/DUA, PIAR y ajustes razonables/IDD_B04_I01.json","content/items/stand-by/DUA, PIAR y ajustes razonables/IDD_B04_I01.json",L038,DESCARTAR | LISTO_PARA_PILOTAJE,,auditoria/L038 | fase-5/pilotaje,no,,content/restructuring-v1/00-beta-v1/remanufactura/IDD_B04_I01.json,"Puede salvarse tras corregir consistencia interna. / El nucleo de la tarea es distinguir definicionalmente DUA y PIAR. Aunque hay contexto, la evidencia real sigue siendo reconocimiento textual del concepto correcto y no una decision pedagogica observable."
IDD_B06_I03,DESCARTE_TECNICO,-100,pedagogia,,por_confirmar,funcional,content/items/stand-by/Inclusión práctica vs. segregación en aula/IDD_B06_I03.json,content/items/stand-by/Inclusión práctica vs. segregación en aula/IDD_B06_I03.json,L020,DESCARTAR | OMITIDO_POR_AUDITORIA_PREVIA,,auditoria/L020 | auditoria/L039,no,,content/restructuring-v1/00-beta-v1/remanufactura/IDD_B06_I03.json,"Aunque el caso apunta a mediacion intercultural pertinente, los distractores quedan demasiado moralizantes y la mejor respuesta resulta obvia, con baja capacidad de discriminacion."
IDD_B06_I04,DESCARTE_TECNICO,-100,pedagogia,,por_confirmar,funcional,content/items/stand-by/Inclusión práctica vs. segregación en aula/IDD_B06_I04.json,content/items/stand-by/Inclusión práctica vs. segregación en aula/IDD_B06_I04.json,L020,DESCARTAR | OMITIDO_POR_AUDITORIA_PREVIA,,auditoria/L020 | auditoria/L039,no,,content/restructuring-v1/00-beta-v1/remanufactura/IDD_B06_I04.json,Depende de una definicion casi literal de inclusion efectiva y no de una decision docente observable o de una actuacion situada.
IDD_B09_I01,DESCARTE_TECNICO,-100,pedagogia,,por_confirmar,funcional,"content/items/stand-by/Inteligencia, inteligencias múltiples y didáctica heterogénea/IDD_B09_I01.json","content/items/stand-by/Inteligencia, inteligencias múltiples y didáctica heterogénea/IDD_B09_I01.json",L065,DESCARTAR,,auditoria/L020 | auditoria/L065,no,,content/restructuring-v1/00-beta-v1/remanufactura/IDD_B09_I01.json,"Formula una definición de inteligencia cercana a pseudoteoría competencial y no obliga a una actuación docente o institucional observable. / El item mide definicion conceptual de inteligencia coherente con competencias, pero no exige decision docente observable ni evidencia situada de desempeno profesional."
IDD_B09_I02,DESCARTE_TECNICO,-100,pedagogia,diversificación de mediaciones de acceso,por_confirmar,funcional,content/restructuring-v1/docente/pedagogia/por_confirmar/funcional/IDD_B09_I02.json,"content/items/stand-by/Inteligencia, inteligencias múltiples y didáctica heterogénea/IDD_B09_I02.json",L065,DESCARTAR | LISTO_PARA_PILOTAJE,,auditoria/L020 | auditoria/L065,no,,content/restructuring-v1/00-beta-v1/remanufactura/IDD_B09_I02.json,"La respuesta correcta no niega la abstracción ni individualiza en exceso; señala que el problema real es la homogeneización didáctica y la falta de mediaciones variadas para acceder al mismo propósito de aprendizaje. / La tarea descansa en una lectura superficial y tipologica de inteligencias multiples, con riesgo de pseudoteoria y baja utilidad para un banco serio orientado a decisiones docentes observables."
IDD_B09_I03,DESCARTE_TECNICO,-100,pedagogia,,por_confirmar,funcional,"content/items/stand-by/Inteligencia, inteligencias múltiples y didáctica heterogénea/IDD_B09_I03.json","content/items/stand-by/Inteligencia, inteligencias múltiples y didáctica heterogénea/IDD_B09_I03.json",L065,DESCARTAR,,auditoria/L020 | auditoria/L065,no,,content/restructuring-v1/00-beta-v1/remanufactura/IDD_B09_I03.json,"Se reduce a asociar actividades estratégicas con una etiqueta de inteligencia, lo que lo vuelve una tipología trivial de baja discriminación. / Se resuelve por asociacion memoristica entre actividades y un tipo de inteligencia, sin valor suficiente de aplicacion didactica o juicio profesional."
IDD_B10_I01,DESCARTE_TECNICO,-100,pedagogia,,por_confirmar,funcional,"content/items/stand-by/Constructivismo, Vygotsky, sujeto político y subjetividad del conocimiento/IDD_B10_I01.json","content/items/stand-by/Constructivismo, Vygotsky, sujeto político y subjetividad del conocimiento/IDD_B10_I01.json",L047,DESCARTAR | OMITIDO_POR_AUDITORIA_PREVIA,,auditoria/L033 | auditoria/L047 | auditoria/L079,no,,content/restructuring-v1/00-beta-v1/remanufactura/IDD_B10_I01.json,"Es crítica doctrinal al modelo transmisivo, pero no convierte el problema en una actuación profesional específica."
IDD_B10_I02,DESCARTE_TECNICO,-100,pedagogia,,por_confirmar,funcional,"content/items/stand-by/Constructivismo, Vygotsky, sujeto político y subjetividad del conocimiento/IDD_B10_I02.json","content/items/stand-by/Constructivismo, Vygotsky, sujeto político y subjetividad del conocimiento/IDD_B10_I02.json",L047,DESCARTAR | OMITIDO_POR_AUDITORIA_PREVIA,,auditoria/L033 | auditoria/L047 | auditoria/L079,no,,content/restructuring-v1/00-beta-v1/remanufactura/IDD_B10_I02.json,"Pregunta taxonómica sobre tipos de memoria, con baja observabilidad de decisión docente."
IDD_B10_I03,DESCARTE_TECNICO,-100,pedagogia,,por_confirmar,funcional,"content/items/stand-by/Constructivismo, Vygotsky, sujeto político y subjetividad del conocimiento/IDD_B10_I03.json","content/items/stand-by/Constructivismo, Vygotsky, sujeto político y subjetividad del conocimiento/IDD_B10_I03.json",L047,DESCARTAR | OMITIDO_POR_AUDITORIA_PREVIA,,auditoria/L033 | auditoria/L047 | auditoria/L079,no,,content/restructuring-v1/00-beta-v1/remanufactura/IDD_B10_I03.json,Pide reconocer la función del lenguaje desde Vygotsky como etiqueta teórica más que como mediación docente evaluable.
IDD_B10_I04,DESCARTE_TECNICO,-100,pedagogia,,por_confirmar,funcional,"content/items/stand-by/Constructivismo, Vygotsky, sujeto político y subjetividad del conocimiento/IDD_B10_I04.json","content/items/stand-by/Constructivismo, Vygotsky, sujeto político y subjetividad del conocimiento/IDD_B10_I04.json",L047,DESCARTAR | OMITIDO_POR_AUDITORIA_PREVIA,,auditoria/L033 | auditoria/L047 | auditoria/L079,no,,content/restructuring-v1/00-beta-v1/remanufactura/IDD_B10_I04.json,Es una disquisición filosófica sobre constructivismo radical con valor muy bajo para banco docente observable.
IDD_B10_I05,DESCARTE_TECNICO,-100,pedagogia,,por_confirmar,funcional,"content/items/stand-by/Constructivismo, Vygotsky, sujeto político y subjetividad del conocimiento/IDD_B10_I05.json","content/items/stand-by/Constructivismo, Vygotsky, sujeto político y subjetividad del conocimiento/IDD_B10_I05.json",L047,DESCARTAR | OMITIDO_POR_AUDITORIA_PREVIA,,auditoria/L033 | auditoria/L047 | auditoria/L079,no,,content/restructuring-v1/00-beta-v1/remanufactura/IDD_B10_I05.json,El contexto de sujeto situado no se traduce en una decisión pedagógica concreta y la clave queda en un plano doctrinal general.
IDD_B11_I02,DESCARTE_TECNICO,-100,pedagogia,,por_confirmar,funcional,"content/items/stand-by/Error, conflicto cognitivo y reestructuración de esquemas/IDD_B11_I02.json","content/items/stand-by/Error, conflicto cognitivo y reestructuración de esquemas/IDD_B11_I02.json",L014,DESCARTAR | OMITIDO_POR_AUDITORIA_PREVIA,,auditoria/L014 | auditoria/L047,no,,content/restructuring-v1/00-beta-v1/remanufactura/IDD_B11_I02.json,"Aunque tiene accion docente, la clave sigue demasiado guiada por explicacion cientifica y contraejemplos esperables; discrimina poco."
IDD_B12_I04,DESCARTE_TECNICO,-100,pedagogia,Uso pedagógico del material concreto,basica_primaria,funcional,content/restructuring-v1/docente/pedagogia/basica_primaria/funcional/IDD_B12_I04.json,"content/items/stand-by/Didáctica de áreas, resolución de problemas y material concreto/IDD_B12_I04.json",L043,DESCARTAR | LISTO_PARA_PILOTAJE | OMITIDO_POR_AUDITORIA_PREVIA | OPERACIONAL_AJUSTADO,ajuste_menor_pre_pilotaje | pilotar,auditoria/L012 | auditoria/L043 | auditoria/L069 | fase-5b/banco-operacional/part-001.csv | fase-5b/remediacion-liviana/part-001.csv,no,,content/restructuring-v1/00-beta-v1/remanufactura/IDD_B12_I04.json,La mediación docente estructura el tránsito conceptual. / El item se resuelve por reconocimiento de la teoria correcta sobre material concreto y no por una decision profesional situada. El contexto funciona como apoyo decorativo y los distractores son demasiado extremos.
IDD_B13_I02,DESCARTE_TECNICO,-100,pedagogia,Metacognición y autorregulación en básica primaria,basica_primaria,funcional,content/restructuring-v1/docente/pedagogia/basica_primaria/funcional/IDD_B13_I02.json,"content/items/stand-by/Evaluación colaborativa, coevaluación y metacognición/IDD_B13_I02.json",L080,DESCARTAR | LISTO_PARA_PILOTAJE | OMITIDO_POR_AUDITORIA_PREVIA,,auditoria/L015 | auditoria/L031 | auditoria/L073 | auditoria/L080,no,,content/restructuring-v1/00-beta-v1/remanufactura/IDD_B13_I02.json,"Se reduce a reconocer la bitácora reflexiva como etiqueta correcta para metacognición. La clave es demasiado visible y los distractores no compiten desde errores docentes plausibles. / La metacognición se promueve cuando el estudiante hace explícito cómo aprendió, qué obstáculos encontró y cómo puede mejorar o transferir estrategias. / El item se resuelve por reconocimiento directo de la bitacora reflexiva como herramienta de metacognicion. No exige analizar evidencia ni comparar errores docente"
IDD_B14_I01,DESCARTE_TECNICO,-100,pedagogia,,por_confirmar,funcional,"content/items/stand-by/Diagnóstico pedagógico, saberes previos y evaluación formativa/IDD_B14_I01.json","content/items/stand-by/Diagnóstico pedagógico, saberes previos y evaluación formativa/IDD_B14_I01.json",L080,DESCARTAR,,auditoria/L011 | auditoria/L062 | auditoria/L080,no,,content/restructuring-v1/00-beta-v1/remanufactura/IDD_B14_I01.json,La respuesta correcta es una enumeración obvia de buenas prácticas diagnósticas frente a distractores absurdos. No discrimina bien y convierte el enfoque inclusivo en adhesión declarativa. / Generalidad pedagógica sin decisión auténtica ni evidencia de uso real del diagnóstico. / Demasiado genérico y redundante dentro del lote; no exige una decisión pedagógica suficientemente observable más allá de una formulación amplia sobre qué debe incluir el diagnóstico.
IDD_B14_I02,DESCARTE_TECNICO,-100,pedagogia,Conflicto cognitivo con sentido pedagógico,por_confirmar,funcional,content/restructuring-v1/docente/pedagogia/por_confirmar/funcional/IDD_B14_I02.json,"content/items/stand-by/Diagnóstico pedagógico, saberes previos y evaluación formativa/IDD_B14_I02.json",L080,DESCARTAR | LISTO_PARA_PILOTAJE,,auditoria/L011 | auditoria/L062 | auditoria/L080,no,,content/restructuring-v1/00-beta-v1/remanufactura/IDD_B14_I02.json,"Pregunta teoría casi literal sobre Ausubel y saberes previos. Predomina la explicación correcta de manual, no una decisión didáctica situada con competencia real entre opciones. / Se conserva por su núcleo valioso sobre saberes previos y evaluación formativa, aunque todavía con clave demasiado visible. / El conocimiento de las ideas previas permite que el conflicto cognitivo tenga dirección pedagógica y no se convierta en simple desconcierto."
IDD_B14_I04,DESCARTE_TECNICO,-100,pedagogia,,por_confirmar,funcional,"content/items/stand-by/Diagnóstico pedagógico, saberes previos y evaluación formativa/IDD_B14_I04.json","content/items/stand-by/Diagnóstico pedagógico, saberes previos y evaluación formativa/IDD_B14_I04.json",L080,DESCARTAR,,auditoria/L011 | auditoria/L062 | auditoria/L080,no,,content/restructuring-v1/00-beta-v1/remanufactura/IDD_B14_I04.json,"Se resuelve por una lista amplia y virtuosa frente a opciones estrechas u obvias. Mide reconocimiento del discurso integral, no juicio pedagógico fino. / Pseudoanálisis basado en listado de componentes sin toma de decisiones pedagógicas real. / Se reduce a enumerar componentes del diagnóstico integral; la tarea no exige decisión pedagógica real y los distractores son demasiado obvios."
MTV_B18_I01,DESCARTE_TECNICO,-100,pedagogia,,por_confirmar,funcional,content/items/stand-by/Tipos de currículo/MTV_B18_I01.json,content/items/stand-by/Tipos de currículo/MTV_B18_I01.json,L032,DESCARTAR | OMITIDO_POR_AUDITORIA_PREVIA,,auditoria/L028 | auditoria/L032,no,,content/restructuring-v1/00-beta-v1/remanufactura/MTV_B18_I01.json,Ya auditado en L028; se conserva la trazabilidad previa y no se reprocesa en este lote de control de duplicados. / Pregunta de clasificacion superficial sobre curriculo oculto; la clave se vuelve visible por terminologia tecnica.
MTV_B18_I02,DESCARTE_TECNICO,-100,pedagogia,,por_confirmar,funcional,content/items/stand-by/Tipos de currículo/MTV_B18_I02.json,content/items/stand-by/Tipos de currículo/MTV_B18_I02.json,L032,DESCARTAR | OMITIDO_POR_AUDITORIA_PREVIA,,auditoria/L028 | auditoria/L032,no,,content/restructuring-v1/00-beta-v1/remanufactura/MTV_B18_I02.json,Ya auditado en L028; se conserva la trazabilidad previa y no se reprocesa en este lote de control de duplicados. / Solo exige reconocer la definicion de curriculo oficial; no hay decision pedagogica observable.
MTV_B18_I03,DESCARTE_TECNICO,-100,pedagogia,,por_confirmar,funcional,content/items/stand-by/Tipos de currículo/MTV_B18_I03.json,content/items/stand-by/Tipos de currículo/MTV_B18_I03.json,L032,DESCARTAR | OMITIDO_POR_AUDITORIA_PREVIA,,auditoria/L028 | auditoria/L032,no,,content/restructuring-v1/00-beta-v1/remanufactura/MTV_B18_I03.json,"Ya auditado en L028; se conserva la trazabilidad previa y no se reprocesa en este lote de control de duplicados. / Reduce el item a nombrar el curriculo operacional, con dificultad inflada por metalenguaje y no por razonamiento."
MTV_B18_I04,DESCARTE_TECNICO,-100,pedagogia,,por_confirmar,funcional,content/items/stand-by/Tipos de currículo/MTV_B18_I04.json,content/items/stand-by/Tipos de currículo/MTV_B18_I04.json,L032,DESCARTAR | OMITIDO_POR_AUDITORIA_PREVIA,,auditoria/L028 | auditoria/L032,no,,content/restructuring-v1/00-beta-v1/remanufactura/MTV_B18_I04.json,Ya auditado en L028; se conserva la trazabilidad previa y no se reprocesa en este lote de control de duplicados. / Clasificacion memoristica de curriculo nulo sin potencia discriminativa util para el banco.
MTV_B18_I05,DESCARTE_TECNICO,-100,pedagogia,,por_confirmar,funcional,content/items/stand-by/Tipos de currículo/MTV_B18_I05.json,content/items/stand-by/Tipos de currículo/MTV_B18_I05.json,L032,DESCARTAR | OMITIDO_POR_AUDITORIA_PREVIA,,auditoria/L028 | auditoria/L032,no,,content/restructuring-v1/00-beta-v1/remanufactura/MTV_B18_I05.json,Ya auditado en L028; se conserva la trazabilidad previa y no se reprocesa en este lote de control de duplicados. / Comparacion taxonomica entre curriculo formal y operacional; el contexto no agrega una tarea profesional real.
MTV_B18_I06,DESCARTE_TECNICO,-100,pedagogia,,por_confirmar,funcional,content/items/stand-by/Tipos de currículo/MTV_B18_I06.json,content/items/stand-by/Tipos de currículo/MTV_B18_I06.json,L032,DESCARTAR | OMITIDO_POR_AUDITORIA_PREVIA,,auditoria/L028 | auditoria/L032,no,,content/restructuring-v1/00-beta-v1/remanufactura/MTV_B18_I06.json,Ya auditado en L028; se conserva la trazabilidad previa y no se reprocesa en este lote de control de duplicados. / El escenario termina resolviendose por una etiqueta curricular obvia y no por una decision pedagogica situada.
MTV_B18_I09,DESCARTE_TECNICO,-100,pedagogia,,por_confirmar,funcional,content/items/stand-by/Tipos de currículo/MTV_B18_I09.json,content/items/stand-by/Tipos de currículo/MTV_B18_I09.json,L032,DESCARTAR | OMITIDO_POR_AUDITORIA_PREVIA,,auditoria/L028 | auditoria/L032,no,,content/restructuring-v1/00-beta-v1/remanufactura/MTV_B18_I09.json,Ya auditado en L028; se conserva la trazabilidad previa y no se reprocesa en este lote de control de duplicados. / Clasifica una actividad como extracurricular o complementaria sin tarea cognitiva ni decision pedagogica sustantiva.
MTV_B18_I11,DESCARTE_TECNICO,-100,pedagogia,,por_confirmar,funcional,content/items/stand-by/Tipos de currículo/MTV_B18_I11.json,content/items/stand-by/Tipos de currículo/MTV_B18_I11.json,L032,DESCARTAR | OMITIDO_POR_AUDITORIA_PREVIA,,auditoria/L028 | auditoria/L032,no,,content/restructuring-v1/00-beta-v1/remanufactura/MTV_B18_I11.json,Ya auditado en L028; se conserva la trazabilidad previa y no se reprocesa en este lote de control de duplicados. / La resolucion depende de una taxonomia poco estable y no de una decision pedagogica observable.
MTV_B18_I12,DESCARTE_TECNICO,-100,pedagogia,,por_confirmar,funcional,content/items/stand-by/Tipos de currículo/MTV_B18_I12.json,content/items/stand-by/Tipos de currículo/MTV_B18_I12.json,L032,DESCARTAR | OMITIDO_POR_AUDITORIA_PREVIA,,auditoria/L028 | auditoria/L032,no,,content/restructuring-v1/00-beta-v1/remanufactura/MTV_B18_I12.json,"Ya auditado en L028; se conserva la trazabilidad previa y no se reprocesa en este lote de control de duplicados. / Aunque el contexto es util, la pregunta termina pidiendo el nombre de un principio curricular y no una actuacion profesional concreta."
MTV_B18_I13,DESCARTE_TECNICO,-100,pedagogia,,por_confirmar,funcional,content/items/stand-by/Tipos de currículo/MTV_B18_I13.json,content/items/stand-by/Tipos de currículo/MTV_B18_I13.json,L032,DESCARTAR | OMITIDO_POR_AUDITORIA_PREVIA,,auditoria/L028 | auditoria/L032,no,,content/restructuring-v1/00-beta-v1/remanufactura/MTV_B18_I13.json,"Ya auditado en L028; se conserva la trazabilidad previa y no se reprocesa en este lote de control de duplicados. / Presenta inconsistencia entre la clave declarada, la justificacion y la funcion distractora; ademas es un item declarativo de baja discriminacion."
MTV_B18_I14,DESCARTE_TECNICO,-100,pedagogia,,por_confirmar,funcional,content/items/stand-by/Tipos de currículo/MTV_B18_I14.json,content/items/stand-by/Tipos de currículo/MTV_B18_I14.json,L032,DESCARTAR | OMITIDO_POR_AUDITORIA_PREVIA,,auditoria/L028 | auditoria/L032,no,,content/restructuring-v1/00-beta-v1/remanufactura/MTV_B18_I14.json,Ya auditado en L028; se conserva la trazabilidad previa y no se reprocesa en este lote de control de duplicados. / Agrupa varios tipos de curriculo en una taxonomia memoristica con dificultad artificial y sin decision situada.
MTV_B22_I01,DESCARTE_TECNICO,-100,pedagogia,aprendizaje_significativo,por_confirmar,funcional,content/items/pedagogia/MTV_B22_I01.json,content/items/stand-by/Aprendizaje significativo Ausubel/MTV_B22_I01.json,L047,BANCO_OPERACIONAL | DESCARTAR | LISTO_PARA_PILOTAJE | Listo para el banco | OMITIDO_POR_AUDITORIA_PREVIA,excluir,auditoria/L033 | auditoria/L047 | auditoria/L061 | auditoria/L079 | content/items | content/items/_banco-operacional.csv | fase-5b/descarte-real/part-001.csv,si,clave_ok | justificacion_ok | opciones_ok,content/restructuring-v1/00-beta-v1/remanufactura/MTV_B22_I01.json,Premia reconocimiento de una definición central de Ausubel y no una decisión docente observable.
MTV_B22_I03,DESCARTE_TECNICO,-100,pedagogia,aprendizaje_significativo,por_confirmar,funcional,content/items/pedagogia/MTV_B22_I03.json,content/items/stand-by/Aprendizaje significativo Ausubel/MTV_B22_I03.json,L047,BANCO_OPERACIONAL | DESCARTAR | LISTO_PARA_PILOTAJE | Listo para el banco | OMITIDO_POR_AUDITORIA_PREVIA,excluir,auditoria/L033 | auditoria/L047 | auditoria/L061 | auditoria/L079 | content/items | content/items/_banco-operacional.csv | fase-5b/descarte-real/part-002.csv,si,clave_ok | justificacion_ok | opciones_ok,content/restructuring-v1/00-beta-v1/remanufactura/MTV_B22_I03.json,Obliga a clasificar el caso con jerga teórica y no a seleccionar una intervención pedagógica concreta.
MTV_B22_I04,DESCARTE_TECNICO,-100,pedagogia,aprendizaje_significativo,por_confirmar,funcional,content/items/pedagogia/MTV_B22_I04.json,content/items/stand-by/Aprendizaje significativo Ausubel/MTV_B22_I04.json,L047,BANCO_OPERACIONAL | DESCARTAR | Listo para el banco | OMITIDO_POR_AUDITORIA_PREVIA,excluir,auditoria/L033 | auditoria/L047 | auditoria/L061 | auditoria/L079 | content/items | content/items/_banco-operacional.csv | fase-5b/descarte-real/part-002.csv,si,clave_ok | justificacion_ok | opciones_ok,content/restructuring-v1/00-beta-v1/remanufactura/MTV_B22_I04.json,Se concentra en nombrar un recurso técnico y no en juzgar una decisión de aula observable.
MTV_B22_I05,DESCARTE_TECNICO,-100,pedagogia,aprendizaje_significativo,por_confirmar,funcional,content/items/pedagogia/MTV_B22_I05.json,content/items/stand-by/Aprendizaje significativo Ausubel/MTV_B22_I05.json,L047,BANCO_OPERACIONAL | DESCARTAR | LISTO_PARA_PILOTAJE | Listo para el banco | OMITIDO_POR_AUDITORIA_PREVIA,excluir,auditoria/L033 | auditoria/L047 | auditoria/L061 | auditoria/L079 | content/items | content/items/_banco-operacional.csv | fase-5b/descarte-real/part-002.csv,si,clave_ok | justificacion_ok | opciones_ok,content/restructuring-v1/00-beta-v1/remanufactura/MTV_B22_I05.json,La clave es demasiado visible y la pregunta se resuelve como explicación doctrinal general.
MTV_B22_I10,DESCARTE_TECNICO,-100,pedagogia,aprendizaje_significativo,por_confirmar,funcional,content/items/pedagogia/MTV_B22_I10.json,content/items/stand-by/Aprendizaje significativo Ausubel/MTV_B22_I10.json,L047,BANCO_OPERACIONAL | DESCARTAR | LISTO_PARA_PILOTAJE | Listo para el banco | OMITIDO_POR_AUDITORIA_PREVIA,excluir,auditoria/L033 | auditoria/L047 | auditoria/L061 | auditoria/L079 | content/items | content/items/_banco-operacional.csv | fase-5b/descarte-real/part-003.csv,si,clave_ok | justificacion_ok | opciones_ok,content/restructuring-v1/00-beta-v1/remanufactura/MTV_B22_I10.json,"Formula una tesis amplia sobre el rol docente, pero no exige una decisión suficientemente fina y observable."
MTV_B22_I11,DESCARTE_TECNICO,-100,pedagogia,aprendizaje_significativo,por_confirmar,funcional,content/items/pedagogia/MTV_B22_I11.json,content/items/stand-by/Aprendizaje significativo Ausubel/MTV_B22_I11.json,L047,BANCO_OPERACIONAL | DESCARTAR | LISTO_PARA_BANCO | Listo para el banco | OMITIDO_POR_AUDITORIA_PREVIA,excluir,auditoria/L033 | auditoria/L047 | auditoria/L061 | auditoria/L079 | content/items | content/items/_banco-operacional.csv | fase-5b/descarte-real/part-003.csv,si,clave_ok | justificacion_ok | opciones_ok,content/restructuring-v1/00-beta-v1/remanufactura/MTV_B22_I11.json,Solapa un eje ya mejor cubierto por ítems previamente auditados sobre conflicto cognitivo y mantiene exceso de teorización.
MTV_B22_I12,DESCARTE_TECNICO,-100,pedagogia,aprendizaje_significativo,por_confirmar,funcional,content/items/pedagogia/MTV_B22_I12.json,content/items/stand-by/Aprendizaje significativo Ausubel/MTV_B22_I12.json,L047,BANCO_OPERACIONAL | DESCARTAR | LISTO_PARA_PILOTAJE | Listo para el banco | OMITIDO_POR_AUDITORIA_PREVIA | OPERACIONAL_AJUSTADO,ajuste_menor_pre_pilotaje | pilotar,auditoria/L033 | auditoria/L047 | auditoria/L061 | auditoria/L079 | content/items | content/items/_banco-operacional.csv | fase-5b/banco-operacional/part-002.csv | fase-5b/remediacion-liviana/part-002.csv,si,clave_ok | justificacion_ok | opciones_ok,content/restructuring-v1/00-beta-v1/remanufactura/MTV_B22_I12.json,"La opción A es la mejor porque articula conocimiento previo, organización del contenido y transferencia, tres rasgos centrales de una enseñanza orientada a comprensión."
MTV_B31_I01,DESCARTE_TECNICO,-100,pedagogia,,por_confirmar,funcional,"content/items/stand-by/Jornada escolar, horario laboral y asignación académica/MTV_B31_I01.json","content/items/stand-by/Jornada escolar, horario laboral y asignación académica/MTV_B31_I01.json",L041,DESCARTAR | OMITIDO_POR_AUDITORIA_PREVIA,,auditoria/L021 | auditoria/L041,no,,content/restructuring-v1/00-beta-v1/remanufactura/MTV_B31_I01.json,Ya auditado en L021; se conserva la trazabilidad previa y no se reprocesa en este lote. / Pregunta definicion literal de jornada escolar. El contexto no agrega decision profesional ni mejora la discriminacion.
MTV_B31_I02,DESCARTE_TECNICO,-100,pedagogia,,por_confirmar,funcional,"content/items/stand-by/Jornada escolar, horario laboral y asignación académica/MTV_B31_I02.json","content/items/stand-by/Jornada escolar, horario laboral y asignación académica/MTV_B31_I02.json",L041,DESCARTAR | OMITIDO_POR_AUDITORIA_PREVIA,,auditoria/L021 | auditoria/L041,no,,content/restructuring-v1/00-beta-v1/remanufactura/MTV_B31_I02.json,Ya auditado en L021; se conserva la trazabilidad previa y no se reprocesa en este lote. / La tarea real es recordar que la jornada laboral incluye asignacion academica y actividades complementarias. Pseudoaplicacion normativa.
MTV_B31_I03,DESCARTE_TECNICO,-100,pedagogia,,por_confirmar,funcional,"content/items/stand-by/Jornada escolar, horario laboral y asignación académica/MTV_B31_I03.json","content/items/stand-by/Jornada escolar, horario laboral y asignación académica/MTV_B31_I03.json",L041,DESCARTAR | OMITIDO_POR_AUDITORIA_PREVIA,,auditoria/L021 | auditoria/L041,no,,content/restructuring-v1/00-beta-v1/remanufactura/MTV_B31_I03.json,Ya auditado en L021; se conserva la trazabilidad previa y no se reprocesa en este lote. / Clasificacion conceptual sobre asignacion academica con distractores previsibles y sin accion profesional observable.
MTV_B31_I04,DESCARTE_TECNICO,-100,pedagogia,,por_confirmar,funcional,"content/items/stand-by/Jornada escolar, horario laboral y asignación académica/MTV_B31_I04.json","content/items/stand-by/Jornada escolar, horario laboral y asignación académica/MTV_B31_I04.json",L041,DESCARTAR | OMITIDO_POR_AUDITORIA_PREVIA,,auditoria/L021 | auditoria/L041,no,,content/restructuring-v1/00-beta-v1/remanufactura/MTV_B31_I04.json,"Ya auditado en L021; se conserva la trazabilidad previa y no se reprocesa en este lote. / Pregunta obligacion general de actividades complementarias. La dificultad proviene del reconocimiento normativo, no del constructo evaluado."
MTV_B31_I05,DESCARTE_TECNICO,-100,pedagogia,,por_confirmar,funcional,"content/items/stand-by/Jornada escolar, horario laboral y asignación académica/MTV_B31_I05.json","content/items/stand-by/Jornada escolar, horario laboral y asignación académica/MTV_B31_I05.json",L041,DESCARTAR | OMITIDO_POR_AUDITORIA_PREVIA,,auditoria/L021 | auditoria/L041,no,,content/restructuring-v1/00-beta-v1/remanufactura/MTV_B31_I05.json,Ya auditado en L021; se conserva la trazabilidad previa y no se reprocesa en este lote. / Comparacion declarativa entre conceptos de tiempo escolar con distractores extremos y baja capacidad discriminativa.
MTV_B31_I06,DESCARTE_TECNICO,-100,pedagogia,,por_confirmar,funcional,"content/items/stand-by/Jornada escolar, horario laboral y asignación académica/MTV_B31_I06.json","content/items/stand-by/Jornada escolar, horario laboral y asignación académica/MTV_B31_I06.json",L041,DESCARTAR | OMITIDO_POR_AUDITORIA_PREVIA,,auditoria/L021 | auditoria/L041,no,,content/restructuring-v1/00-beta-v1/remanufactura/MTV_B31_I06.json,Ya auditado en L021; se conserva la trazabilidad previa y no se reprocesa en este lote. / Se limita a clasificar actividades curriculares complementarias. No exige juicio profesional mas alla de la etiqueta normativa.
MTV_B31_I10,DESCARTE_TECNICO,-100,pedagogia,,por_confirmar,funcional,"content/items/stand-by/Jornada escolar, horario laboral y asignación académica/MTV_B31_I10.json","content/items/stand-by/Jornada escolar, horario laboral y asignación académica/MTV_B31_I10.json",L041,DESCARTAR | OMITIDO_POR_AUDITORIA_PREVIA,,auditoria/L021 | auditoria/L041,no,,content/restructuring-v1/00-beta-v1/remanufactura/MTV_B31_I10.json,"Ya auditado en L021; se conserva la trazabilidad previa y no se reprocesa en este lote. / Aunque usa voz docente, la clave sigue dependiendo de recordar que la asignacion academica no agota la jornada laboral."
MTV_B31_I12,DESCARTE_TECNICO,-100,pedagogia,,por_confirmar,funcional,"content/items/stand-by/Jornada escolar, horario laboral y asignación académica/MTV_B31_I12.json","content/items/stand-by/Jornada escolar, horario laboral y asignación académica/MTV_B31_I12.json",L041,DESCARTAR | OMITIDO_POR_AUDITORIA_PREVIA,,auditoria/L021 | auditoria/L041,no,,content/restructuring-v1/00-beta-v1/remanufactura/MTV_B31_I12.json,Ya auditado en L021; se conserva la trazabilidad previa y no se reprocesa en este lote. / Sintesis de tres definiciones legales con distractores caricaturescos. No aporta valor nuevo al banco.
MTV_B36_I01,DESCARTE_TECNICO,-100,pedagogia,,por_confirmar,funcional,"content/items/stand-by/Contexto, currículo y práctica educativa/MTV_B36_I01.json","content/items/stand-by/Contexto, currículo y práctica educativa/MTV_B36_I01.json",L005,DESCARTAR,,auditoria/L005,no,,content/restructuring-v1/00-beta-v1/remanufactura/MTV_B36_I01.json,El contexto no aporta una decision real; solo conduce a nombrar la contextualizacion como criterio general.
MTV_B36_I03,DESCARTE_TECNICO,-100,pedagogia,,por_confirmar,funcional,"content/items/stand-by/Contexto, currículo y práctica educativa/MTV_B36_I03.json","content/items/stand-by/Contexto, currículo y práctica educativa/MTV_B36_I03.json",L005,DESCARTAR,,auditoria/L005,no,,content/restructuring-v1/00-beta-v1/remanufactura/MTV_B36_I03.json,El caso termina reduciendose a poner nombre al dialogo de saberes; la tarea cognitiva esta inflada.
MTV_B36_I04,DESCARTE_TECNICO,-100,pedagogia,,por_confirmar,funcional,"content/items/stand-by/Contexto, currículo y práctica educativa/MTV_B36_I04.json","content/items/stand-by/Contexto, currículo y práctica educativa/MTV_B36_I04.json",L005,DESCARTAR,,auditoria/L005,no,,content/restructuring-v1/00-beta-v1/remanufactura/MTV_B36_I04.json,La clave depende del reconocimiento de un principio deseable sobre diversidad linguistica y los distractores se autodestruyen.
MTV_B36_I05,DESCARTE_TECNICO,-100,pedagogia,,por_confirmar,funcional,"content/items/stand-by/Contexto, currículo y práctica educativa/MTV_B36_I05.json","content/items/stand-by/Contexto, currículo y práctica educativa/MTV_B36_I05.json",L005,DESCARTAR,,auditoria/L005,no,,content/restructuring-v1/00-beta-v1/remanufactura/MTV_B36_I05.json,El contexto local-global es decorativo: la respuesta correcta ya viene insinuada como formula conceptual unica.
MTV_B36_I06,DESCARTE_TECNICO,-100,pedagogia,,por_confirmar,funcional,"content/items/stand-by/Contexto, currículo y práctica educativa/MTV_B36_I06.json","content/items/stand-by/Contexto, currículo y práctica educativa/MTV_B36_I06.json",L005,DESCARTAR,,auditoria/L005,no,,content/restructuring-v1/00-beta-v1/remanufactura/MTV_B36_I06.json,"Aunque mas aplicado, sigue resolviendose por reconocimiento de la unica evidencia correcta y no por comparacion didactica fina."
MTV_B36_I08,DESCARTE_TECNICO,-100,pedagogia,,por_confirmar,funcional,"content/items/stand-by/Contexto, currículo y práctica educativa/MTV_B36_I08.json","content/items/stand-by/Contexto, currículo y práctica educativa/MTV_B36_I08.json",L005,DESCARTAR,,auditoria/L005,no,,content/restructuring-v1/00-beta-v1/remanufactura/MTV_B36_I08.json,El item no evalua decision institucional sino reconocimiento de la etiqueta 'gestion comunitaria'.
MTV_B36_I09,DESCARTE_TECNICO,-100,pedagogia,,por_confirmar,funcional,"content/items/stand-by/Contexto, currículo y práctica educativa/MTV_B36_I09.json","content/items/stand-by/Contexto, currículo y práctica educativa/MTV_B36_I09.json",L005,DESCARTAR,,auditoria/L005,no,,content/restructuring-v1/00-beta-v1/remanufactura/MTV_B36_I09.json,La clave es moralmente evidente y el escenario no produce discriminacion comportamental real.
MTV_B36_I10,DESCARTE_TECNICO,-100,pedagogia,,por_confirmar,funcional,"content/items/stand-by/Contexto, currículo y práctica educativa/MTV_B36_I10.json","content/items/stand-by/Contexto, currículo y práctica educativa/MTV_B36_I10.json",L005,DESCARTAR,,auditoria/L005,no,,content/restructuring-v1/00-beta-v1/remanufactura/MTV_B36_I10.json,Se resuelve con un lugar comun sobre conocer a los estudiantes y no con analisis de opciones tecnicamente cercanas.
MTV_B36_I11,DESCARTE_TECNICO,-100,pedagogia,,por_confirmar,funcional,"content/items/stand-by/Contexto, currículo y práctica educativa/MTV_B36_I11.json","content/items/stand-by/Contexto, currículo y práctica educativa/MTV_B36_I11.json",L005,DESCARTAR,,auditoria/L005,no,,content/restructuring-v1/00-beta-v1/remanufactura/MTV_B36_I11.json,El item etiqueta un clima de aula deseable pero no obliga a comparar decisiones ni consecuencias reales.
MTV_B36_I12,DESCARTE_TECNICO,-100,pedagogia,,por_confirmar,funcional,"content/items/stand-by/Contexto, currículo y práctica educativa/MTV_B36_I12.json","content/items/stand-by/Contexto, currículo y práctica educativa/MTV_B36_I12.json",L005,DESCARTAR,,auditoria/L005,no,,content/restructuring-v1/00-beta-v1/remanufactura/MTV_B36_I12.json,No tiene contexto funcional y resume una definicion de practica contextualizada en forma directa.
NFL_B01_I02,DESCARTE_TECNICO,-100,pedagogia,,por_confirmar,funcional,"content/items/stand-by/Formación integral, fines de la educación y desarrollo de la personalidad/NFL_B01_I02.json","content/items/stand-by/Formación integral, fines de la educación y desarrollo de la personalidad/NFL_B01_I02.json",L017,DESCARTAR,,auditoria/L017,no,,content/restructuring-v1/00-beta-v1/remanufactura/NFL_B01_I02.json,La respuesta correcta depende de reconocer casi literalmente el fin legal sobre pleno desarrollo de la personalidad y no de analizar una actuacion docente observable.
NFL_B01_I03,DESCARTE_TECNICO,-100,pedagogia,,por_confirmar,funcional,"content/items/stand-by/Formación integral, fines de la educación y desarrollo de la personalidad/NFL_B01_I03.json","content/items/stand-by/Formación integral, fines de la educación y desarrollo de la personalidad/NFL_B01_I03.json",L017,DESCARTAR,,auditoria/L017,no,,content/restructuring-v1/00-beta-v1/remanufactura/NFL_B01_I03.json,Pregunta basada en listado normativo y memoria de componentes transversales; los distractores son extremos y no modelan errores profesionales plausibles.
NFL_B02_I01,DESCARTE_TECNICO,-100,pedagogia,,por_confirmar,funcional,"content/items/stand-by/Cultura escolar, identidad institucional y PEI/NFL_B02_I01.json","content/items/stand-by/Cultura escolar, identidad institucional y PEI/NFL_B02_I01.json",L007,DESCARTAR,,auditoria/L007,no,,content/restructuring-v1/00-beta-v1/remanufactura/NFL_B02_I01.json,El contexto es decorativo y la respuesta depende de definicion escolar general; los distractores no sostienen discriminacion fina.
NFL_B02_I02,DESCARTE_TECNICO,-100,pedagogia,,por_confirmar,funcional,"content/items/stand-by/Cultura escolar, identidad institucional y PEI/NFL_B02_I02.json","content/items/stand-by/Cultura escolar, identidad institucional y PEI/NFL_B02_I02.json",L007,DESCARTAR,,auditoria/L007,no,,content/restructuring-v1/00-beta-v1/remanufactura/NFL_B02_I02.json,Pseudoanalisis con opciones extremas sobre PEI y manual de convivencia; no exige decision institucional autentica.
NFL_B04_I01,DESCARTE_TECNICO,-100,pedagogia,,por_confirmar,funcional,"content/items/stand-by/Estructura del sistema educativo - educación básica, secundaria y media/NFL_B04_I01.json","content/items/stand-by/Estructura del sistema educativo - educación básica, secundaria y media/NFL_B04_I01.json",L014,DESCARTAR,,auditoria/L014,no,,content/restructuring-v1/00-beta-v1/remanufactura/NFL_B04_I01.json,La clave depende de memoria normativa sobre areas obligatorias y continuidad de la educacion basica; el contexto no modifica la naturaleza del recuerdo literal.
NFL_B04_I04,DESCARTE_TECNICO,-100,pedagogia,,por_confirmar,funcional,"content/items/stand-by/Estructura del sistema educativo - educación básica, secundaria y media/NFL_B04_I04.json","content/items/stand-by/Estructura del sistema educativo - educación básica, secundaria y media/NFL_B04_I04.json",L014,DESCARTAR,,auditoria/L014,no,,content/restructuring-v1/00-beta-v1/remanufactura/NFL_B04_I04.json,La clave depende de memoria normativa casi directa sobre objetivos comunes y formacion ciudadana transversal; el contexto aporta poco.
NFL_B05_I02,DESCARTE_TECNICO,-100,pedagogia,,por_confirmar,funcional,"content/items/stand-by/Corresponsabilidad educativa, ausentismo y posición de garante/NFL_B05_I02.json","content/items/stand-by/Corresponsabilidad educativa, ausentismo y posición de garante/NFL_B05_I02.json",L005,DESCARTAR,,auditoria/L005,no,,content/restructuring-v1/00-beta-v1/remanufactura/NFL_B05_I02.json,Depende de memoria literal sobre la composicion de la comunidad educativa segun la ley; no evalua aplicacion situada.
NFL_B07_I02,DESCARTE_TECNICO,-100,pedagogia,,por_confirmar,funcional,"content/items/stand-by/Educación como derecho fundamental, bien común y derecho pluridimensional/NFL_B07_I02.json","content/items/stand-by/Educación como derecho fundamental, bien común y derecho pluridimensional/NFL_B07_I02.json",L075,DESCARTAR,,auditoria/L013 | auditoria/L075,no,,content/restructuring-v1/00-beta-v1/remanufactura/NFL_B07_I02.json,Convierte la pluridimensionalidad del derecho a la educación en una definición conceptual de las 4A; el contexto no alcanza a producir una decisión profesional situada.
NFL_B07_I03,DESCARTE_TECNICO,-100,pedagogia,,por_confirmar,funcional,"content/items/stand-by/Educación como derecho fundamental, bien común y derecho pluridimensional/NFL_B07_I03.json","content/items/stand-by/Educación como derecho fundamental, bien común y derecho pluridimensional/NFL_B07_I03.json",L075,DESCARTAR,,auditoria/L013 | auditoria/L075,no,,content/restructuring-v1/00-beta-v1/remanufactura/NFL_B07_I03.json,"Pregunta una explicación doctrinal sobre educación como bien común, con contexto decorativo y sin tarea de juicio profesional observable."
NFL_B08_I02,DESCARTE_TECNICO,-100,pedagogia,,por_confirmar,funcional,"content/items/stand-by/Igualdad material, discriminación positiva y debilidad manifiesta/NFL_B08_I02.json","content/items/stand-by/Igualdad material, discriminación positiva y debilidad manifiesta/NFL_B08_I02.json",L019,DESCARTAR | OMITIDO_POR_AUDITORIA_PREVIA,,auditoria/L019 | auditoria/L039,no,,content/restructuring-v1/00-beta-v1/remanufactura/NFL_B08_I02.json,"La tarea pregunta una definición de discriminación positiva en lugar de exigir aplicación situada, por lo que no genera evidencia suficiente sobre juicio docente o institucional."
PPDC_B01_I02,DESCARTE_TECNICO,-100,pedagogia,,por_confirmar,funcional,content/items/stand-by/Práctica pedagógica no homogeneizadora y diversidad/PPDC_B01_I02.json,content/items/stand-by/Práctica pedagógica no homogeneizadora y diversidad/PPDC_B01_I02.json,L026,DESCARTAR,,auditoria/L026,no,,content/restructuring-v1/00-beta-v1/remanufactura/PPDC_B01_I02.json,"La mejor respuesta resulta demasiado obvia y varios distractores se van hacia segregacion explicita o reduccion extrema del curriculo, con bajo valor discriminativo."
PPDC_B01_I03,DESCARTE_TECNICO,-100,pedagogia,,por_confirmar,funcional,content/items/stand-by/Práctica pedagógica no homogeneizadora y diversidad/PPDC_B01_I03.json,content/items/stand-by/Práctica pedagógica no homogeneizadora y diversidad/PPDC_B01_I03.json,L026,DESCARTAR,,auditoria/L026,no,,content/restructuring-v1/00-beta-v1/remanufactura/PPDC_B01_I03.json,"Aunque parte de un caso reconocible, el item queda resuelto por una critica doctrinal demasiado evidente a las guias iguales para todos y no por juicio pedagogico fino."
PPDC_B01_I04,DESCARTE_TECNICO,-100,pedagogia,,por_confirmar,funcional,content/items/stand-by/Práctica pedagógica no homogeneizadora y diversidad/PPDC_B01_I04.json,content/items/stand-by/Práctica pedagógica no homogeneizadora y diversidad/PPDC_B01_I04.json,L026,DESCARTAR,,auditoria/L026,no,,content/restructuring-v1/00-beta-v1/remanufactura/PPDC_B01_I04.json,"Se responde casi por reconocimiento de la etiqueta DUA y por descarte de opciones extremas, sin competencia real entre distractores."
PPDC_B03_I02,DESCARTE_TECNICO,-100,pedagogia,,por_confirmar,funcional,"content/items/stand-by/Constructivismo, indagación y aprendizaje experimental/PPDC_B03_I02.json","content/items/stand-by/Constructivismo, indagación y aprendizaje experimental/PPDC_B03_I02.json",L036,DESCARTAR | OMITIDO_POR_AUDITORIA_PREVIA,,auditoria/L005 | auditoria/L036 | auditoria/L057 | auditoria/L061 | auditoria/L069,no,,content/restructuring-v1/00-beta-v1/remanufactura/PPDC_B03_I02.json,"Ya auditado en L005; se conserva la trazabilidad previa y no se reprocesa en este lote. / Se queda en explicacion teorica sobre tanteo experimental y aprender haciendo. No exige actuacion docente concreta, la tarea cognitiva esta inflada y los distractores se resuelven por descarte facil. / El item pregunta teoria del tanteo experimental mas que una decision didactica real; la clave depende de un lugar comun teorico y los distractores son obvios."
PPDC_B04_I01,DESCARTE_TECNICO,-100,pedagogia,modelos_pedagogicos,por_confirmar,funcional,content/items/pedagogia/PPDC_B04_I01.json,"content/items/stand-by/Praxis pedagógica, didáctica y selección metodológica/PPDC_B04_I01.json",L057,BANCO_OPERACIONAL | DESCARTAR | LISTO_PARA_BANCO | Listo para el banco,excluir,auditoria/L001 | auditoria/L025 | auditoria/L057 | content/items | content/items/_banco-operacional.csv | fase-5b/descarte-real/part-001.csv,si,clave_ok | justificacion_ok | opciones_ok,content/restructuring-v1/00-beta-v1/remanufactura/PPDC_B04_I01.json,La pedagogía orienta el sentido formativo de la acción educativa y la didáctica organiza su realización en el plano metodológico. / El ítem se limita a diferenciar pedagogía y didáctica como conceptos generales. No muestra una selección metodológica situada ni produce evidencia suficiente de decisión pedagógica observable.
PPDC_B04_I02,DESCARTE_TECNICO,-100,pedagogia,"Jerarquía entre metodología, estrategia didáctica y técnica",por_confirmar,funcional,content/restructuring-v1/docente/pedagogia/por_confirmar/funcional/PPDC_B04_I02.json,"content/items/stand-by/Praxis pedagógica, didáctica y selección metodológica/PPDC_B04_I02.json",L057,DESCARTAR | LISTO_PARA_PILOTAJE,excluir,auditoria/L025 | auditoria/L057 | fase-5b/descarte-real/part-001.csv,no,,content/restructuring-v1/00-beta-v1/remanufactura/PPDC_B04_I02.json,"La respuesta correcta reconoce una jerarquía funcional real entre marco metodológico, organización estratégica y procedimiento concreto de aula."
PPDC_B06_I02,DESCARTE_TECNICO,-100,pedagogia,Educación para el trabajo y el desarrollo humano,por_confirmar,funcional,content/restructuring-v1/docente/normatividad/por_confirmar/basica/PPDC_B06_I02.json,"content/items/stand-by/Normatividad, fines de la educación y educación no formal/PPDC_B06_I02.json",L023,DESCARTAR | LISTO_PARA_BANCO | OMITIDO_POR_AUDITORIA_PREVIA,,auditoria/L001 | auditoria/L023 | auditoria/L041,no,,content/restructuring-v1/00-beta-v1/remanufactura/PPDC_B06_I02.json,"Aunque tiene apariencia de caso, la tarea central es clasificar juridicamente la oferta como educacion para el trabajo y el desarrollo humano; depende de recuerdo normativo y no de juicio institucional o pedagogico suficiente. / La ETDH agrupa ofertas estructuradas que desarrollan competencias ocupacionales sin hacer parte del sistema formal por niveles y grados. / Ya auditado en L023; se conserva la trazabilidad previa y no se reprocesa en este lote."
