id_item,estado_beta,prioridad,area_canonica,subarea,perfil_sugerido,tipo_item,ruta_actual_o_propuesta,ruta_origen,lote,decisiones,acciones,fuentes,json_materializado,validacion_minima,destino_beta,notas
CB01_I02,PILOTAJE_V1_CANDIDATO,100,pedagogia,Flexibilidad curricular ante movilidad estudiantil,por_confirmar,funcional,content/items/Currículo y Contexto Social/CB01_I02.json,content/items/Currículo y Contexto Social/CB01_I02.json,L009-A,BANCO_OPERACIONAL | LISTO_PARA_BANCO | Listo para el banco | MATERIALIZADO | OMITIDO_POR_AUDITORIA_PREVIA,mantener_en_banco | movido_a_content_items,auditoria/L031 | content/items | content/items/_banco-operacional.csv | fase-5/banco-final | fase-5b/microbloque-01/banco-premium,si,clave_ok | justificacion_ok | opciones_ok,content/items/beta-v1/pedagogia/CB01_I02.json,Ítem sólido sobre flexibilidad curricular ante movilidad estudiantil; movido a ubicación final en content/items. / Ya materializado en Fase 5.
CB01_I03,PILOTAJE_V1_CANDIDATO,100,pedagogia,Autonomía escolar y adaptación contextual de referentes externos,por_confirmar,funcional,content/items/Currículo y Contexto Social/CB01_I03.json,content/items/Currículo y Contexto Social/CB01_I03.json,L009-A,BANCO_OPERACIONAL | LISTO_PARA_BANCO | Listo para el banco | MATERIALIZADO | OMITIDO_POR_AUDITORIA_PREVIA,mantener_en_banco | movido_a_content_items,auditoria/L031 | content/items | content/items/_banco-operacional.csv | fase-5/banco-final | fase-5b/microbloque-01/banco-premium,si,clave_ok | justificacion_ok | opciones_ok,content/items/beta-v1/pedagogia/CB01_I03.json,Buen juicio sobre autonomía escolar y adaptación contextual de referentes externos; movido a ubicación final en content/items. / Ya materializado en Fase 5.
CB14_I03,PILOTAJE_V1_CANDIDATO,100,pedagogia,"Vinculación entre saber disciplinar, contexto y participación comunitaria",por_confirmar,funcional,content/items/Propósitos de la educación/CB14_I03.json,content/items/Propósitos de la educación/CB14_I03.json,L025,LISTO_PARA_BANCO | MATERIALIZADO,mantener_en_banco | movido_a_content_items,auditoria/L025 | auditoria/L075 | content/items | fase-5/banco-final | fase-5b/microbloque-01/banco-premium,si,clave_ok | justificacion_ok | opciones_ok,content/items/beta-v1/pedagogia/CB14_I03.json,"Vincula propósito educativo con selección de actividad situada y solución contextual; movido a ubicación final en content/items. / Ya materializado en Fase 5. / La respuesta correcta conecta saber disciplinar, comprensión crítica del contexto y formulación de soluciones, que es precisamente donde el propósito educativo deja de ser declarativo y se vuelve observable."
CB15_I03,PILOTAJE_V1_CANDIDATO,100,pedagogia,Mediacion durante la construccion del aprendizaje,por_confirmar,funcional,content/items/Fases enseñanza/CB15_I03.json,content/items/stand-by/Fases enseñanza/CB15_I03.json,L017+L057,CANDIDATO_PROMOCION | LISTO_PARA_BANCO | OMITIDO_POR_AUDITORIA_PREVIA,promover_desde_stand_by,auditoria/L017 | auditoria/L057 | fase-5b/microbloque-01/banco-premium,no,,content/items/beta-v1/pedagogia/CB15_I03.json,"Decisión previa LISTO_PARA_BANCO conservada sin reauditoría. / La opcion correcta mantiene el foco en el razonamiento del estudiante y usa la mediacion docente como andamiaje, no como sustitucion ni como castigo."
EFCC_B01_I02,PILOTAJE_V1_CANDIDATO,100,pedagogia,Prácticas punitivas en aula,por_confirmar,funcional,"content/items/Evaluación tecnicista, punitiva y formativa/EFCC_B01_I02.json","content/items/Evaluación tecnicista, punitiva y formativa/EFCC_B01_I02.json",L016,BANCO_OPERACIONAL | LISTO_PARA_BANCO | Listo para el banco | MATERIALIZADO | OMITIDO_POR_AUDITORIA_PREVIA,mantener_en_banco | movido_a_content_items,auditoria/L016 | auditoria/L054 | content/items | content/items/_banco-operacional.csv | fase-5/banco-final | fase-5b/microbloque-01/banco-premium,si,clave_ok | justificacion_ok | opciones_ok,content/items/beta-v1/pedagogia/EFCC_B01_I02.json,"La crítica a la prueba sorpresa punitiva está situada; movido a ubicación final en content/items. / Ya materializado en Fase 5. / La opción B es la única que integra los tres problemas relevantes del caso: ausencia de criterios previos, desalineación con lo enseñado y falta de retroalimentación, lo que convierte la evaluación en castigo y no en apoyo al aprendizaje."
EFCC_B01_I04,PILOTAJE_V1_CANDIDATO,100,pedagogia,Recuperación académica con sentido formativo,por_confirmar,funcional,"content/items/Evaluación tecnicista, punitiva y formativa/EFCC_B01_I04.json","content/items/Evaluación tecnicista, punitiva y formativa/EFCC_B01_I04.json",L016,BANCO_OPERACIONAL | LISTO_PARA_BANCO | Listo para el banco | MATERIALIZADO | OMITIDO_POR_AUDITORIA_PREVIA,mantener_en_banco | movido_a_content_items,auditoria/L016 | auditoria/L054 | content/items | content/items/_banco-operacional.csv | fase-5/banco-final | fase-5b/microbloque-01/banco-premium,si,clave_ok | justificacion_ok | opciones_ok,content/items/beta-v1/pedagogia/EFCC_B01_I04.json,"Buen juicio sobre recuperación formativa; movido a ubicación final en content/items. / Ya materializado en Fase 5. / La opción D es la única que identifica los rasgos irrenunciables de una recuperación formativa: diagnosticar la dificultad, mediar el proceso y ofrecer nueva evidencia de aprendizaje, no solo castigar con trabajo mecánico."
EFCC_B03_I01,PILOTAJE_V1_CANDIDATO,100,pedagogia,Competencias y diseño de situaciones significativas,por_confirmar,funcional,"content/items/Currículo, PEI y evaluación didáctica/EFCC_B03_I01.json","content/items/Currículo, PEI y evaluación didáctica/EFCC_B03_I01.json",L009-A,BANCO_OPERACIONAL | LISTO_PARA_BANCO | Listo para el banco | MATERIALIZADO,mantener_en_banco | movido_a_content_items,content/items | content/items/_banco-operacional.csv | fase-5/banco-final | fase-5b/microbloque-01/banco-premium,si,clave_ok | justificacion_ok | opciones_ok,content/items/beta-v1/pedagogia/EFCC_B03_I01.json,Mide con claridad la diferencia entre reproducción de contenidos y aprendizaje por competencias situado; movido a ubicación final en content/items. / Ya materializado en Fase 5.
EFCC_B03_I03,PILOTAJE_V1_CANDIDATO,100,pedagogia,Autonomía escolar y uso de pruebas externas en evaluación docente,por_confirmar,funcional,"content/items/Currículo, PEI y evaluación didáctica/EFCC_B03_I03.json","content/items/Currículo, PEI y evaluación didáctica/EFCC_B03_I03.json",L009-A,BANCO_OPERACIONAL | LISTO_PARA_BANCO | Listo para el banco | MATERIALIZADO,mantener_en_banco | movido_a_content_items,content/items | content/items/_banco-operacional.csv | fase-5/banco-final | fase-5b/microbloque-01/banco-premium,si,clave_ok | justificacion_ok | opciones_ok,content/items/beta-v1/pedagogia/EFCC_B03_I03.json,Buen conflicto de gestión curricular y evaluación docente; movido a ubicación final en content/items. / Ya materializado en Fase 5.
GA02_B03_I01,PILOTAJE_V1_CANDIDATO,100,pedagogia,didactica_y_planeacion,por_confirmar,funcional,"content/items/Didáctica, diversidad y planeación de aula/GA02_B03_I01.json","content/items/stand-by/Didáctica, diversidad y planeación de aula/GA02_B03_I01.json",L012+L043,BANCO_OPERACIONAL | CANDIDATO_PROMOCION | Listo para el banco | OMITIDO_POR_AUDITORIA_PREVIA,promover_desde_stand_by,auditoria/L043 | content/items | content/items/_banco-operacional.csv | fase-5b/microbloque-01/banco-premium,si,clave_ok | justificacion_ok | opciones_ok,content/items/beta-v1/pedagogia/GA02_B03_I01.json,Decisión previa LISTO_PARA_BANCO conservada sin reauditoría.
GA02_B03_I02,PILOTAJE_V1_CANDIDATO,100,pedagogia,didactica_y_planeacion,por_confirmar,funcional,"content/items/Didáctica, diversidad y planeación de aula/GA02_B03_I02.json","content/items/stand-by/Didáctica, diversidad y planeación de aula/GA02_B03_I02.json",L012+L043,BANCO_OPERACIONAL | CANDIDATO_PROMOCION | Listo para el banco | OMITIDO_POR_AUDITORIA_PREVIA,promover_desde_stand_by,auditoria/L043 | content/items | content/items/_banco-operacional.csv | fase-5b/microbloque-01/banco-premium,si,clave_ok | justificacion_ok | opciones_ok,content/items/beta-v1/pedagogia/GA02_B03_I02.json,Decisión previa LISTO_PARA_BANCO conservada sin reauditoría.
GA02_B03_I04,PILOTAJE_V1_CANDIDATO,100,pedagogia,didactica_y_planeacion,por_confirmar,funcional,"content/items/Didáctica, diversidad y planeación de aula/GA02_B03_I04.json","content/items/stand-by/Didáctica, diversidad y planeación de aula/GA02_B03_I04.json",L012+L043,BANCO_OPERACIONAL | CANDIDATO_PROMOCION | Listo para el banco | OMITIDO_POR_AUDITORIA_PREVIA,promover_desde_stand_by,auditoria/L043 | content/items | content/items/_banco-operacional.csv | fase-5b/microbloque-01/banco-premium,si,clave_ok | justificacion_ok | opciones_ok,content/items/beta-v1/pedagogia/GA02_B03_I04.json,Decisión previa LISTO_PARA_BANCO conservada sin reauditoría.
IDD_B04_I05,PILOTAJE_V1_CANDIDATO,100,pedagogia,Caracterización pedagógica para el PIAR,por_confirmar,funcional,"content/items/DUA, PIAR y ajustes razonables/IDD_B04_I05.json","content/items/DUA, PIAR y ajustes razonables/IDD_B04_I05.json",L009-B,BANCO_OPERACIONAL | LISTO_PARA_BANCO | Listo para el banco | MATERIALIZADO,mantener_en_banco | movido_a_content_items,auditoria/L038 | content/items | content/items/_banco-operacional.csv | fase-5/banco-final | fase-5b/microbloque-01/banco-premium,si,clave_ok | justificacion_ok | opciones_ok,content/items/beta-v1/pedagogia/IDD_B04_I05.json,"Buen ítem sobre insumos pedagógicos del PIAR; movido a ubicación final en content/items. / Ya materializado en Fase 5. / La opcion B es la mas defendible porque aporta evidencia util para decidir apoyos y flexibilizaciones en contexto. Los otros insumos pueden complementar, pero no sustituyen la lectura pedagogica situada que exige el PIAR."
IDD_B04_I07,PILOTAJE_V1_CANDIDATO,100,pedagogia,Participación en aula común y uso no segregador del PIAR,por_confirmar,funcional,"content/items/DUA, PIAR y ajustes razonables/IDD_B04_I07.json","content/items/DUA, PIAR y ajustes razonables/IDD_B04_I07.json",L009-B,BANCO_OPERACIONAL | LISTO_PARA_BANCO | Listo para el banco | MATERIALIZADO,mantener_en_banco | movido_a_content_items,auditoria/L038 | content/items | content/items/_banco-operacional.csv | fase-5/banco-final | fase-5b/microbloque-01/banco-premium,si,clave_ok | justificacion_ok | opciones_ok,content/items/beta-v1/pedagogia/IDD_B04_I07.json,"Caso fuerte sobre participación en aula común y uso no segregador del PIAR; movido a ubicación final en content/items. / Ya materializado en Fase 5. / La opcion A conserva el derecho a participar en la misma experiencia curricular y traduce el PIAR en ajustes concretos, no en actividades decorativas o segregadas. Eso la hace la respuesta mas valida para el constructo evaluado."
IDD_B06_I05,PILOTAJE_V1_CANDIDATO,100,pedagogia,ajustes razonables con altas expectativas,por_confirmar,funcional,content/items/Inclusión práctica vs. segregación en aula/IDD_B06_I05.json,content/items/stand-by/Inclusión práctica vs. segregación en aula/IDD_B06_I05.json,L020+L039,CANDIDATO_PROMOCION | LISTO_PARA_BANCO | OMITIDO_POR_AUDITORIA_PREVIA,promover_desde_stand_by,auditoria/L020 | auditoria/L039 | fase-5b/microbloque-01/banco-premium,no,,content/items/beta-v1/pedagogia/IDD_B06_I05.json,"Decisión previa LISTO_PARA_BANCO conservada sin reauditoría. / La opcion B protege el derecho al aprendizaje sin renunciar al criterio de logro. La equidad se expresa en flexibilizar medios y apoyos, no en borrar la meta ni en evaluar otra cosa."
IDD_B07_I01,PILOTAJE_V1_CANDIDATO,100,pedagogia,adaptacion de recursos sin castigar vulnerabilidad,por_confirmar,funcional,"content/items/Inclusión, equidad socioeconómica y adaptabilidad curricular/IDD_B07_I01.json","content/items/stand-by/Inclusión, equidad socioeconómica y adaptabilidad curricular/IDD_B07_I01.json",L020+L039,CANDIDATO_PROMOCION | LISTO_PARA_BANCO | OMITIDO_POR_AUDITORIA_PREVIA,promover_desde_stand_by,auditoria/L020 | auditoria/L039 | fase-5b/microbloque-01/banco-premium,no,,content/items/beta-v1/pedagogia/IDD_B07_I01.json,Decisión previa LISTO_PARA_BANCO conservada sin reauditoría. / La opcion B reconoce la barrera economica sin convertirla en sancion ni en renuncia al aprendizaje. Reorganiza la mediacion didactica para sostener el mismo proposito formativo.
IDD_B07_I03,PILOTAJE_V1_CANDIDATO,100,pedagogia,"gestion de apoyos y barreras fisicas, comunicativas y pedagogicas",por_confirmar,funcional,"content/items/Inclusión, equidad socioeconómica y adaptabilidad curricular/IDD_B07_I03.json","content/items/stand-by/Inclusión, equidad socioeconómica y adaptabilidad curricular/IDD_B07_I03.json",L020+L039,CANDIDATO_PROMOCION | LISTO_PARA_BANCO | OMITIDO_POR_AUDITORIA_PREVIA,promover_desde_stand_by,auditoria/L020 | auditoria/L039 | fase-5b/microbloque-01/banco-premium,no,,content/items/beta-v1/pedagogia/IDD_B07_I03.json,"Decisión previa LISTO_PARA_BANCO conservada sin reauditoría. / La opcion D entiende la inclusion como transformacion institucional y no como simple matricula. Permite remover barreras fisicas, comunicativas y pedagogicas de manera planificada."
IDD_B07_I04,PILOTAJE_V1_CANDIDATO,100,pedagogia,confidencialidad y acompanamiento frente a barreras de contexto,por_confirmar,funcional,"content/items/Inclusión, equidad socioeconómica y adaptabilidad curricular/IDD_B07_I04.json","content/items/stand-by/Inclusión, equidad socioeconómica y adaptabilidad curricular/IDD_B07_I04.json",L020+L039,CANDIDATO_PROMOCION | LISTO_PARA_BANCO | OMITIDO_POR_AUDITORIA_PREVIA,promover_desde_stand_by,auditoria/L020 | auditoria/L039 | fase-5b/microbloque-01/banco-premium,no,,content/items/beta-v1/pedagogia/IDD_B07_I04.json,"Decisión previa LISTO_PARA_BANCO conservada sin reauditoría. / La opcion C protege dignidad, confidencialidad y derecho al aprendizaje. No castiga la vulnerabilidad, pero tampoco elimina la exigencia formativa: la acompana con apoyos y flexibilidad razonable."
IDD_B12_I01,PILOTAJE_V1_CANDIDATO,100,pedagogia,Resolución de problemas contextualizada,secundaria_media,funcional,"content/items/Didáctica de áreas, resolución de problemas y material concreto/IDD_B12_I01.json","content/items/stand-by/Didáctica de áreas, resolución de problemas y material concreto/IDD_B12_I01.json",L012+L043,CANDIDATO_PROMOCION | LISTO_PARA_BANCO | LISTO_PARA_PILOTAJE | OMITIDO_POR_AUDITORIA_PREVIA,promover_desde_stand_by,auditoria/L012 | auditoria/L043 | auditoria/L069 | fase-5b/microbloque-01/banco-premium,no,,content/items/beta-v1/pedagogia/IDD_B12_I01.json,"Decisión previa LISTO_PARA_BANCO conservada sin reauditoría. / Promueve transferencia, modelación y uso funcional de procedimientos. / La respuesta correcta es A porque desplaza el centro de la clase desde la repeticion de procedimientos hacia la modelacion, el analisis y la justificacion de soluciones en contextos significativos."
IDD_B12_I02,PILOTAJE_V1_CANDIDATO,100,pedagogia,Evaluacion formativa con material concreto,por_confirmar,funcional,"content/items/Didáctica de áreas, resolución de problemas y material concreto/IDD_B12_I02.json","content/items/stand-by/Didáctica de áreas, resolución de problemas y material concreto/IDD_B12_I02.json",L012+L043,CANDIDATO_PROMOCION | LISTO_PARA_PILOTAJE | OMITIDO_POR_AUDITORIA_PREVIA,promover_desde_stand_by,auditoria/L043 | auditoria/L069 | fase-5b/microbloque-01/banco-premium,no,,content/items/beta-v1/pedagogia/IDD_B12_I02.json,"Decisión previa LISTO_PARA_BANCO conservada sin reauditoría. / La respuesta correcta es A porque vincula diagnostico, manipulacion, contraste conceptual y mediacion intencional. No basta con usar recursos; se necesita orientarlos hacia la comprension del error y la construccion de relaciones matematicas."
IDD_B12_I03,PILOTAJE_V1_CANDIDATO,100,pedagogia,Transferencia contextualizada del conocimiento cientifico,por_confirmar,funcional,"content/items/Didáctica de áreas, resolución de problemas y material concreto/IDD_B12_I03.json","content/items/stand-by/Didáctica de áreas, resolución de problemas y material concreto/IDD_B12_I03.json",L012+L043,CANDIDATO_PROMOCION | LISTO_PARA_PILOTAJE | OMITIDO_POR_AUDITORIA_PREVIA,promover_desde_stand_by,auditoria/L043 | auditoria/L069 | fase-5b/microbloque-01/banco-premium,no,,content/items/beta-v1/pedagogia/IDD_B12_I03.json,"Decisión previa LISTO_PARA_BANCO conservada sin reauditoría. / La respuesta correcta es A porque convierte un concepto abstracto en investigacion contextualizada, con uso autentico del saber para interpretar y decidir sobre una situacion del entorno."
IDD_B12_I05,PILOTAJE_V1_CANDIDATO,100,pedagogia,Seleccion de estrategia didactica desde diagnostico,por_confirmar,funcional,"content/items/Didáctica de áreas, resolución de problemas y material concreto/IDD_B12_I05.json","content/items/stand-by/Didáctica de áreas, resolución de problemas y material concreto/IDD_B12_I05.json",L012+L043,CANDIDATO_PROMOCION | LISTO_PARA_PILOTAJE | OMITIDO_POR_AUDITORIA_PREVIA,promover_desde_stand_by,auditoria/L043 | auditoria/L069 | fase-5b/microbloque-01/banco-premium,no,,content/items/beta-v1/pedagogia/IDD_B12_I05.json,"Decisión previa LISTO_PARA_BANCO conservada sin reauditoría. / La respuesta correcta es A porque una seleccion didactica tecnicamente defendible parte de la relacion entre meta de aprendizaje, barreras reales, contexto y viabilidad. No depende de modas metodologicas ni de soluciones tecnologicas por si mismas."
MTV_B22_I07,PILOTAJE_V1_CANDIDATO,100,pedagogia,Sentido de formulas y conceptos,por_confirmar,funcional,content/items/Aprendizaje significativo Ausubel/MTV_B22_I07.json,content/items/Aprendizaje significativo Ausubel/MTV_B22_I07.json,L033,BANCO_OPERACIONAL | LISTO_PARA_BANCO | Listo para el banco | MATERIALIZADO | OMITIDO_POR_AUDITORIA_PREVIA,mantener_en_banco | movido_a_content_items,auditoria/L033 | auditoria/L047 | auditoria/L061 | auditoria/L079 | content/items | content/items/_banco-operacional.csv | fase-5/banco-final | fase-5b/microbloque-01/banco-premium,si,clave_ok | justificacion_ok | opciones_ok,content/items/beta-v1/pedagogia/MTV_B22_I07.json,"Selecciona una intervención didáctica observable para dar sentido a una fórmula; movido a ubicación final en content/items. / Materializado en Fase 5 y confirmado por decisión heredada L047. / La opción B es la mejor porque conecta la forma simbólica con significado conceptual y uso en situaciones reconocibles, lo que evita aprendizaje meramente mecánico."
MTV_B22_I08,PILOTAJE_V1_CANDIDATO,100,pedagogia,Evaluacion de comprension y transferencia,por_confirmar,funcional,content/items/Aprendizaje significativo Ausubel/MTV_B22_I08.json,content/items/Aprendizaje significativo Ausubel/MTV_B22_I08.json,L033,BANCO_OPERACIONAL | LISTO_PARA_BANCO | Listo para el banco | MATERIALIZADO | OMITIDO_POR_AUDITORIA_PREVIA,mantener_en_banco | movido_a_content_items,auditoria/L033 | auditoria/L047 | auditoria/L061 | auditoria/L079 | content/items | content/items/_banco-operacional.csv | fase-5/banco-final | fase-5b/microbloque-01/banco-premium,si,clave_ok | justificacion_ok | opciones_ok,content/items/beta-v1/pedagogia/MTV_B22_I08.json,"Evalúa comprensión mediante transferencia, traducción y relación conceptual; movido a ubicación final en content/items. / Materializado en Fase 5 y confirmado por decisión heredada L047. / La opción B es la mejor porque recoge evidencias de comprensión más allá de la repetición literal y pone a prueba el uso del conocimiento en nuevas situaciones."
NFL_B08_I04,PILOTAJE_V1_CANDIDATO,100,pedagogia,Apoyos sin estigmatización,por_confirmar,funcional,"content/items/Igualdad material, discriminación positiva y debilidad manifiesta/NFL_B08_I04.json","content/items/stand-by/Igualdad material, discriminación positiva y debilidad manifiesta/NFL_B08_I04.json",L019+L039,CANDIDATO_PROMOCION | LISTO_PARA_BANCO | OMITIDO_POR_AUDITORIA_PREVIA,promover_desde_stand_by,auditoria/L019 | auditoria/L039 | fase-5b/microbloque-01/banco-premium,no,,content/items/beta-v1/pedagogia/NFL_B08_I04.json,"Decisión previa LISTO_PARA_BANCO conservada sin reauditoría. / La actuación correcta sostiene el derecho a aprender con apoyos pertinentes, sin convertir la ayuda en exposición pública, segregación o desvinculación del contenido."
CB13_I01,PILOTAJE_V1_CANDIDATO,90,pedagogia,Diferenciación conceptual,por_confirmar,funcional,content/restructuring-v1/docente/pedagogia/por_confirmar/basica/CB13_I01.json,content/items/stand-by/Currículo vs plan vs malla/CB13_I01.json,L008,LISTO_PARA_BANCO | OMITIDO_POR_AUDITORIA_PREVIA,,auditoria/L008 | auditoria/L031,no,,content/items/beta-v1/pedagogia/CB13_I01.json,La opción correcta distingue niveles de definición curricular sin confundir instrumentos ni funciones.
CB13_I02,PILOTAJE_V1_CANDIDATO,90,pedagogia,Progresión de aprendizajes,por_confirmar,funcional,content/restructuring-v1/docente/pedagogia/por_confirmar/funcional/CB13_I02.json,content/items/stand-by/Currículo vs plan vs malla/CB13_I02.json,L008,LISTO_PARA_BANCO | OMITIDO_POR_AUDITORIA_PREVIA,,auditoria/L008 | auditoria/L031,no,,content/items/beta-v1/pedagogia/CB13_I02.json,"Cuando el problema es la progresión interna del aprendizaje, la revisión debe recaer en el instrumento que organiza secuencias y contenidos por grado."
CEOL_B06_I03,PILOTAJE_V1_CANDIDATO,90,pedagogia,Acciones de mejoramiento basadas en evidencia,por_confirmar,funcional,content/restructuring-v1/docente/pedagogia/por_confirmar/funcional/CEOL_B06_I03.json,"content/items/stand-by/Evaluación formativa, mejora continua y lenguaje evaluativo/CEOL_B06_I03.json",L015,LISTO_PARA_BANCO | LISTO_PARA_PILOTAJE,,auditoria/L015 | auditoria/L073 | auditoria/L074,no,,content/items/beta-v1/pedagogia/CEOL_B06_I03.json,"La mejora continua se activa cuando el docente convierte los errores en información para replantear enseñanza, retroalimentar y pedir nuevas demostraciones de aprendizaje. / El ítem sí conecta evidencia, retroalimentación y ajuste auténtico del proceso pedagógico. / La respuesta correcta es A porque una accion de mejora formativa parte del analisis del error, ofrece retroalimentacion, ajusta la mediacion docente y solicita nuevas evidencias para verificar aprendizaje real."
CEOL_B06_I04,PILOTAJE_V1_CANDIDATO,90,pedagogia,Lenguaje evaluativo profesional,por_confirmar,funcional,content/restructuring-v1/docente/pedagogia/por_confirmar/funcional/CEOL_B06_I04.json,"content/items/stand-by/Evaluación formativa, mejora continua y lenguaje evaluativo/CEOL_B06_I04.json",L015,LISTO_PARA_BANCO | LISTO_PARA_PILOTAJE,,auditoria/L015 | auditoria/L073 | auditoria/L074,no,,content/items/beta-v1/pedagogia/CEOL_B06_I04.json,"El lenguaje evaluativo profesional parte de hechos y desempeños observables para orientar apoyos y decisiones pedagógicas justas. / Resuelve el lenguaje evaluativo como práctica profesional observable y útil para mejorar aprendizaje. / La respuesta correcta es A porque el lenguaje evaluativo profesional debe basarse en evidencias observables, dificultades especificas y apoyos concretos, no en adjetivos descalificadores ni soluciones administrativas o psicologizantes aisladas."
CEOL_B07_I01,PILOTAJE_V1_CANDIDATO,90,pedagogia,Ideas previas y conflicto cognitivo,por_confirmar,funcional,content/restructuring-v1/docente/pedagogia/por_confirmar/funcional/CEOL_B07_I01.json,"content/items/stand-by/Ideas previas, conflicto cognitivo y desarrollo constructivista/CEOL_B07_I01.json",L001,LISTO_PARA_BANCO | LISTO_PARA_PILOTAJE,,auditoria/L001 | auditoria/L018,no,,content/items/beta-v1/pedagogia/CEOL_B07_I01.json,"La opción correcta usa la pregunta del estudiante como entrada para explorar conceptos previos y producir reconstrucción conceptual fundamentada. / La opcion C es la unica que convierte la duda en insumo de mediacion didactica y cambio conceptual. Las demas omiten, distorsionan o castigan la pregunta."
DIL_B04_I03,PILOTAJE_V1_CANDIDATO,90,pedagogia,Limites de la investigacion escolar,orientador,funcional,content/restructuring-v1/docente/normatividad/orientador/funcional/DIL_B04_I03.json,"content/items/stand-by/Responsabilidad legal escolar, riesgos y prohibición de tratos degradantes/DIL_B04_I03.json",L081,LISTO_PARA_BANCO | LISTO_PARA_PILOTAJE,,auditoria/L027 | auditoria/L068 | auditoria/L078 | auditoria/L081,no,,content/items/beta-v1/pedagogia/DIL_B04_I03.json,"El caso es pertinente y situado, pero la clave aún compite poco con distractores débiles. / La opcion correcta diferencia con nitidez la funcion protectora de la escuela frente a la investigacion judicial y evita practicas que podrian revictimizar o retrasar la respuesta estatal."
DIL_B04_I05,PILOTAJE_V1_CANDIDATO,90,pedagogia,Disciplina formativa y dignidad,por_confirmar,comportamental,content/restructuring-v1/docente/normatividad/por_confirmar/comportamental/DIL_B04_I05.json,"content/items/stand-by/Responsabilidad legal escolar, riesgos y prohibición de tratos degradantes/DIL_B04_I05.json",L081,LISTO_PARA_BANCO | LISTO_PARA_PILOTAJE,,auditoria/L027 | auditoria/L068 | auditoria/L078 | auditoria/L081,no,,content/items/beta-v1/pedagogia/DIL_B04_I05.json,"Mide respuesta formativa no degradante, pero la clave sigue muy previsible frente a opciones poco competitivas. / La opcion correcta protege dignidad, aprendizaje reflexivo y reparacion del dano, mientras evita castigos humillantes, sanciones academicas improcedentes y vulneraciones al debido proceso."
EFCC_B05_I01,PILOTAJE_V1_CANDIDATO,90,pedagogia,Planeación desde múltiples dimensiones,por_confirmar,funcional,content/restructuring-v1/docente/pedagogia/por_confirmar/funcional/EFCC_B05_I01.json,content/items/stand-by/Diagnóstico pedagógico integral/EFCC_B05_I01.json,L036,LISTO_PARA_BANCO | OMITIDO_POR_AUDITORIA_PREVIA,,auditoria/L011 | auditoria/L036 | auditoria/L062 | auditoria/L074,no,,content/items/beta-v1/pedagogia/EFCC_B05_I01.json,"Ya auditado en L011; se conserva la trazabilidad previa y no se reprocesa en este lote. / Se conserva porque el diagnóstico integral se traduce en planeación y apoyos observables. / El ítem conserva valor para banco porque convierte el diagnóstico en acción pedagógica observable. / El diagnóstico integral combina información académica y contextual para orientar decisiones de planeación, apoyos y mediación pedagógica pertinentes."
EFCC_B06_I01,PILOTAJE_V1_CANDIDATO,90,pedagogia,Promoción en educación inicial,preescolar,funcional,content/restructuring-v1/docente/pedagogia/preescolar/funcional/EFCC_B06_I01.json,"content/items/stand-by/Evaluación cualitativa, formativa y participativa/EFCC_B06_I01.json",L054,LISTO_PARA_BANCO | OMITIDO_POR_AUDITORIA_PREVIA,,auditoria/L015 | auditoria/L054 | auditoria/L074,no,,content/items/beta-v1/pedagogia/EFCC_B06_I01.json,La evaluación cualitativa en preescolar se orienta al seguimiento del desarrollo y no a la repitencia; la decisión pedagógica correcta es asegurar continuidad con información descriptiva útil. / No se queda en el discurso participativo; exige decisión evaluativa situada.
EFCC_B06_I02,PILOTAJE_V1_CANDIDATO,90,pedagogia,Informes cualitativos en preescolar,preescolar,funcional,content/restructuring-v1/docente/pedagogia/preescolar/funcional/EFCC_B06_I02.json,"content/items/stand-by/Evaluación cualitativa, formativa y participativa/EFCC_B06_I02.json",L054,LISTO_PARA_BANCO | OMITIDO_POR_AUDITORIA_PREVIA,,auditoria/L015 | auditoria/L054 | auditoria/L074,no,,content/items/beta-v1/pedagogia/EFCC_B06_I02.json,"La evaluación cualitativa no elimina criterios ni informes: exige descripciones integrales útiles para familia y escuela, evitando jerarquías numéricas impropias del nivel. / Mantiene foco en uso formativo de la información y coherencia del nivel preescolar."
EFCC_B06_I03,PILOTAJE_V1_CANDIDATO,90,pedagogia,Seguimiento continuo en educación inicial,preescolar,funcional,content/restructuring-v1/docente/pedagogia/preescolar/funcional/EFCC_B06_I03.json,"content/items/stand-by/Evaluación cualitativa, formativa y participativa/EFCC_B06_I03.json",L054,LISTO_PARA_BANCO | OMITIDO_POR_AUDITORIA_PREVIA,,auditoria/L015 | auditoria/L054 | auditoria/L074,no,,content/items/beta-v1/pedagogia/EFCC_B06_I03.json,La evaluación formativa se reconoce cuando la información se recolecta a lo largo del proceso y se usa para intervenir la enseñanza mientras el aprendizaje aún puede mejorar. / Tiene ajuste pedagógico auténtico y evita la pseudoformatividad declarativa.
EFCC_B06_I05,PILOTAJE_V1_CANDIDATO,90,pedagogia,Autoevaluación y coevaluación en transición,preescolar,funcional,content/restructuring-v1/docente/pedagogia/preescolar/funcional/EFCC_B06_I05.json,"content/items/stand-by/Evaluación cualitativa, formativa y participativa/EFCC_B06_I05.json",L054,LISTO_PARA_BANCO | OMITIDO_POR_AUDITORIA_PREVIA,,auditoria/L015 | auditoria/L054 | auditoria/L074,no,,content/items/beta-v1/pedagogia/EFCC_B06_I05.json,"En transición, la participación evaluativa gana sentido cuando se apoya en oralidad, representación gráfica y mediación cercana del docente. / Tiene mejor anclaje en práctica evaluativa real y no depende de palabras obvias."
EIP_B01_I02,PILOTAJE_V1_CANDIDATO,90,pedagogia,proyectos_pedagogicos,por_confirmar,funcional,content/items/pedagogia/EIP_B01_I02.json,content/items/stand-by/Currículo obligatorio y proyectos pedagógicos transversales/EIP_B01_I02.json,L008,BANCO_OPERACIONAL | LISTO_PARA_BANCO | Listo para el banco,,auditoria/L008 | content/items | content/items/_banco-operacional.csv,si,clave_ok | justificacion_ok | opciones_ok,content/items/beta-v1/pedagogia/EIP_B01_I02.json,"La transversalidad curricular exige continuidad, articulación con el PEI y presencia real en la enseñanza, no simples actos ocasionales."
EIP_B01_I03,PILOTAJE_V1_CANDIDATO,90,pedagogia,proyectos_pedagogicos,por_confirmar,funcional,content/items/pedagogia/EIP_B01_I03.json,content/items/stand-by/Currículo obligatorio y proyectos pedagógicos transversales/EIP_B01_I03.json,L008,BANCO_OPERACIONAL | LISTO_PARA_PILOTAJE | Listo para el banco,,auditoria/L008 | content/items | content/items/_banco-operacional.csv,si,clave_ok | justificacion_ok | opciones_ok,content/items/beta-v1/pedagogia/EIP_B01_I03.json,"La educación ambiental tiene sentido curricular cuando conecta comprensión del entorno, cuidado y prácticas formativas sostenidas."
EIP_B01_I04,PILOTAJE_V1_CANDIDATO,90,pedagogia,proyectos_pedagogicos,por_confirmar,funcional,content/items/pedagogia/EIP_B01_I04.json,content/items/stand-by/Currículo obligatorio y proyectos pedagógicos transversales/EIP_B01_I04.json,L008,BANCO_OPERACIONAL | LISTO_PARA_BANCO | Listo para el banco,,auditoria/L008 | content/items | content/items/_banco-operacional.csv,si,clave_ok | justificacion_ok | opciones_ok,content/items/beta-v1/pedagogia/EIP_B01_I04.json,"La educación sexual curricular exige continuidad, adecuación al desarrollo y responsabilidad pedagógica institucional."
EIP_B01_I05,PILOTAJE_V1_CANDIDATO,90,pedagogia,proyectos_pedagogicos,por_confirmar,funcional,content/items/pedagogia/EIP_B01_I05.json,content/items/stand-by/Currículo obligatorio y proyectos pedagógicos transversales/EIP_B01_I05.json,L008,BANCO_OPERACIONAL | LISTO_PARA_BANCO | Listo para el banco,,auditoria/L008 | content/items | content/items/_banco-operacional.csv,si,clave_ok | justificacion_ok | opciones_ok,content/items/beta-v1/pedagogia/EIP_B01_I05.json,La apropiación ciudadana ocurre cuando la norma se enlaza con experiencias reales de participación y convivencia escolar.
EIP_B04_I02,PILOTAJE_V1_CANDIDATO,90,pedagogia,Singularidad y diversidad en la infancia,preescolar,funcional,content/restructuring-v1/docente/pedagogia/preescolar/funcional/EIP_B04_I02.json,"content/items/stand-by/Identidad, autonomía y reconocimiento del cuerpo/EIP_B04_I02.json",L019,LISTO_PARA_BANCO,,auditoria/L019,no,,content/items/beta-v1/pedagogia/EIP_B04_I02.json,"La opción correcta reconoce que la identidad infantil se construye cuando la escuela legitima la singularidad, la historia y la expresión emocional, en lugar de estandarizar las producciones."
EIP_B04_I03,PILOTAJE_V1_CANDIDATO,90,pedagogia,Desarrollo de la autonomía en transición,preescolar,funcional,content/restructuring-v1/docente/pedagogia/preescolar/funcional/EIP_B04_I03.json,"content/items/stand-by/Identidad, autonomía y reconocimiento del cuerpo/EIP_B04_I03.json",L019,LISTO_PARA_BANCO,,auditoria/L019,no,,content/items/beta-v1/pedagogia/EIP_B04_I03.json,La autonomía infantil no es abandono pedagógico ni autosuficiencia temprana; se construye gradualmente en situaciones cotidianas con mediación del docente.
EIP_B05_I01,PILOTAJE_V1_CANDIDATO,90,pedagogia,desarrollo_preescolar,por_confirmar,funcional,content/items/pedagogia/EIP_B05_I01.json,,,BANCO_OPERACIONAL | Listo para el banco,,content/items | content/items/_banco-operacional.csv,si,clave_ok | justificacion_ok | opciones_ok,content/items/beta-v1/pedagogia/EIP_B05_I01.json,
EIP_B05_I02,PILOTAJE_V1_CANDIDATO,90,pedagogia,desarrollo_preescolar,por_confirmar,funcional,content/items/pedagogia/EIP_B05_I02.json,,,BANCO_OPERACIONAL | Listo para el banco,,content/items | content/items/_banco-operacional.csv,si,clave_ok | justificacion_ok | opciones_ok,content/items/beta-v1/pedagogia/EIP_B05_I02.json,
EIP_B05_I03,PILOTAJE_V1_CANDIDATO,90,pedagogia,desarrollo_preescolar,por_confirmar,funcional,content/items/pedagogia/EIP_B05_I03.json,,,BANCO_OPERACIONAL | Listo para el banco,,content/items | content/items/_banco-operacional.csv,si,clave_ok | justificacion_ok | opciones_ok,content/items/beta-v1/pedagogia/EIP_B05_I03.json,
EIP_B05_I04,PILOTAJE_V1_CANDIDATO,90,pedagogia,desarrollo_preescolar,por_confirmar,funcional,content/items/pedagogia/EIP_B05_I04.json,,,BANCO_OPERACIONAL | Listo para el banco,,content/items | content/items/_banco-operacional.csv,si,clave_ok | justificacion_ok | opciones_ok,content/items/beta-v1/pedagogia/EIP_B05_I04.json,
EIP_B06_I01,PILOTAJE_V1_CANDIDATO,90,pedagogia,teoria_curricular,por_confirmar,funcional,content/items/pedagogia/EIP_B06_I01.json,,,BANCO_OPERACIONAL | Listo para el banco,,content/items | content/items/_banco-operacional.csv,si,clave_ok | justificacion_ok | opciones_ok,content/items/beta-v1/pedagogia/EIP_B06_I01.json,
EIP_B06_I02,PILOTAJE_V1_CANDIDATO,90,pedagogia,teoria_curricular,por_confirmar,funcional,content/items/pedagogia/EIP_B06_I02.json,,,BANCO_OPERACIONAL | Listo para el banco,,content/items | content/items/_banco-operacional.csv,si,clave_ok | justificacion_ok | opciones_ok,content/items/beta-v1/pedagogia/EIP_B06_I02.json,
EIP_B06_I03,PILOTAJE_V1_CANDIDATO,90,pedagogia,teoria_curricular,por_confirmar,funcional,content/items/pedagogia/EIP_B06_I03.json,,,BANCO_OPERACIONAL | Listo para el banco,,content/items | content/items/_banco-operacional.csv,si,clave_ok | justificacion_ok | opciones_ok,content/items/beta-v1/pedagogia/EIP_B06_I03.json,
EIP_B06_I04,PILOTAJE_V1_CANDIDATO,90,pedagogia,teoria_curricular,por_confirmar,funcional,content/items/pedagogia/EIP_B06_I04.json,,,BANCO_OPERACIONAL | Listo para el banco,,content/items | content/items/_banco-operacional.csv,si,clave_ok | justificacion_ok | opciones_ok,content/items/beta-v1/pedagogia/EIP_B06_I04.json,
GA02_B03_I03,PILOTAJE_CON_AJUSTE,90,pedagogia,didactica_y_planeacion,orientador,funcional,content/items/pedagogia/GA02_B03_I03.json,"content/items/stand-by/Didáctica, diversidad y planeación de aula/GA02_B03_I03.json",L043,BANCO_OPERACIONAL | LISTO_PARA_PILOTAJE | Listo para el banco | OMITIDO_POR_AUDITORIA_PREVIA | OPERACIONAL_AJUSTADO,ajuste_menor_pre_pilotaje | pilotar,auditoria/L012 | auditoria/L043 | content/items | content/items/_banco-operacional.csv | fase-5b/banco-operacional/part-001.csv | fase-5b/remediacion-liviana/part-001.csv,si,clave_ok | justificacion_ok | opciones_ok,content/items/beta-v1/pedagogia/GA02_B03_I03.json,El PIAR requiere articulación interdisciplinaria y corresponsabilidad.
GA02_B05_I01_concepto_curriculo,PILOTAJE_V1_CANDIDATO,90,pedagogia,teoria_curricular,por_confirmar,funcional,content/items/pedagogia/GA02_B05_I01_concepto_curriculo.json,,,BANCO_OPERACIONAL | Listo para el banco,,content/items | content/items/_banco-operacional.csv,si,clave_ok | justificacion_ok | opciones_ok,content/items/beta-v1/pedagogia/GA02_B05_I01_concepto_curriculo.json,
IDD_B08_I01,PILOTAJE_V1_CANDIDATO,90,pedagogia,teoria_curricular,por_confirmar,funcional,content/items/pedagogia/IDD_B08_I01.json,"content/items/stand-by/Curriculo en espiral, Bruner y material concreto/IDD_B08_I01.json",L007,BANCO_OPERACIONAL | LISTO_PARA_PILOTAJE | Listo para el banco,,auditoria/L007 | content/items | content/items/_banco-operacional.csv,si,clave_ok | justificacion_ok | opciones_ok,content/items/beta-v1/pedagogia/IDD_B08_I01.json,"La opcion B muestra el rasgo central del curriculo en espiral: un mismo nucleo conceptual se revisita con mayor complejidad, articulando experiencias concretas, representaciones intermedias y abstraccion progresiva."
IDD_B09_I04,PILOTAJE_V1_CANDIDATO,90,pedagogia,múltiples formas de expresión del aprendizaje,por_confirmar,funcional,content/restructuring-v1/docente/pedagogia/por_confirmar/funcional/IDD_B09_I04.json,"content/items/stand-by/Inteligencia, inteligencias múltiples y didáctica heterogénea/IDD_B09_I04.json",L065,LISTO_PARA_BANCO | LISTO_PARA_PILOTAJE,,auditoria/L020 | auditoria/L065,no,,content/items/beta-v1/pedagogia/IDD_B09_I04.json,"La respuesta correcta conserva el rigor del propósito común y diversifica solo los medios de expresión, evitando tanto la rigidez instrumental como la pérdida de comparabilidad curricular. / La opcion D mantiene la competencia y los criterios de logro, pero flexibiliza el modo de evidenciarla. Eso incrementa equidad sin bajar rigor ni crear estandares paralelos."
IDD_B13_I03,PILOTAJE_V1_CANDIDATO,90,pedagogia,Coevaluación con criterios explícitos,por_confirmar,funcional,content/restructuring-v1/docente/pedagogia/por_confirmar/funcional/IDD_B13_I03.json,"content/items/stand-by/Evaluación colaborativa, coevaluación y metacognición/IDD_B13_I03.json",L080,LISTO_PARA_BANCO | LISTO_PARA_PILOTAJE | OMITIDO_POR_AUDITORIA_PREVIA,,auditoria/L015 | auditoria/L031 | auditoria/L073 | auditoria/L080,no,,content/items/beta-v1/pedagogia/IDD_B13_I03.json,"La alternativa A convierte la coevaluación en una práctica guiada por criterios, evidencia y lenguaje formativo; eso sí expresa una mediación observable del docente sobre cómo evaluar entre pares. / La coevaluación gana valor formativo cuando el docente da criterios, lenguaje y estructura para que los pares ofrezcan retroalimentación útil y respetuosa. / La respuesta correcta es A porque la coevaluacion formativa requiere criterios compartidos, lenguaje descriptivo y mediacion docente para que l"
IDD_B14_I03,PILOTAJE_V1_CANDIDATO,90,pedagogia,Uso formativo de resultados,por_confirmar,funcional,content/restructuring-v1/docente/pedagogia/por_confirmar/funcional/IDD_B14_I03.json,"content/items/stand-by/Diagnóstico pedagógico, saberes previos y evaluación formativa/IDD_B14_I03.json",L080,LISTO_PARA_BANCO | LISTO_PARA_PILOTAJE,,auditoria/L011 | auditoria/L062 | auditoria/L080,no,,content/items/beta-v1/pedagogia/IDD_B14_I03.json,"La alternativa D es la única que convierte los resultados en decisiones de mejora y verificación posterior, que es precisamente el núcleo de la evaluación formativa basada en evidencia. / Se conserva porque mide evaluación formativa observable sobre evidencias y ajustes didácticos. / La evaluación formativa se reconoce en el uso pedagógico de los resultados para intervenir, retroalimentar y volver a recoger evidencia de avance."
IDD_B14_I05,PILOTAJE_V1_CANDIDATO,90,pedagogia,Diagnóstico para apoyos y DUA,por_confirmar,funcional,content/restructuring-v1/docente/pedagogia/por_confirmar/funcional/IDD_B14_I05.json,"content/items/stand-by/Diagnóstico pedagógico, saberes previos y evaluación formativa/IDD_B14_I05.json",L080,LISTO_PARA_BANCO | LISTO_PARA_PILOTAJE,,auditoria/L011 | auditoria/L062 | auditoria/L080,no,,content/items/beta-v1/pedagogia/IDD_B14_I05.json,"La alternativa A utiliza la evidencia diagnóstica para ajustar el diseño didáctico desde criterios de acceso, participación y expresión, que es la decisión pedagógica más defendible en este caso. / Se conserva por su uso auténtico de información diagnóstica para planear apoyos y accesibilidad sin perder propósito común. / El uso formativo del diagnóstico se expresa cuando la información recogida transforma la planeación y orienta apoyos razonables e inclusivos."
IDD_B15_I02,PILOTAJE_V1_CANDIDATO,90,pedagogia,Currículo oculto,por_confirmar,funcional,content/restructuring-v1/docente/pedagogia/por_confirmar/funcional/IDD_B15_I02.json,"content/items/stand-by/Currículo oficial, oculto, nulo, PEI y DUR 1075/IDD_B15_I02.json",L032,LISTO_PARA_BANCO | OMITIDO_POR_AUDITORIA_PREVIA,,auditoria/L008 | auditoria/L032,no,,content/items/beta-v1/pedagogia/IDD_B15_I02.json,"Ya auditado en L008 y conservado en L029 como trazabilidad previa; no se reprocesa. / El currículo oculto nombra justamente los aprendizajes implícitos que circulan en el clima y en las relaciones, aunque no figuren en la planeación escrita."
IDD_B15_I03,PILOTAJE_V1_CANDIDATO,90,pedagogia,Currículo nulo,por_confirmar,funcional,content/restructuring-v1/docente/pedagogia/por_confirmar/funcional/IDD_B15_I03.json,"content/items/stand-by/Currículo oficial, oculto, nulo, PEI y DUR 1075/IDD_B15_I03.json",L032,LISTO_PARA_BANCO | OMITIDO_POR_AUDITORIA_PREVIA,,auditoria/L008 | auditoria/L032,no,,content/items/beta-v1/pedagogia/IDD_B15_I03.json,"Ya auditado en L008 y conservado en L029 como trazabilidad previa; no se reprocesa. / El currículo nulo aparece cuando procesos o contenidos previstos dejan de enseñarse efectivamente por decisiones de tiempo, método o priorización."
IDD_B15_I04,PILOTAJE_V1_CANDIDATO,90,pedagogia,Jornada Única y formación integral,por_confirmar,funcional,content/restructuring-v1/docente/pedagogia/por_confirmar/funcional/IDD_B15_I04.json,"content/items/stand-by/Currículo oficial, oculto, nulo, PEI y DUR 1075/IDD_B15_I04.json",L032,LISTO_PARA_BANCO | OMITIDO_POR_AUDITORIA_PREVIA,,auditoria/L008 | auditoria/L032,no,,content/items/beta-v1/pedagogia/IDD_B15_I04.json,"Ya auditado en L008 y conservado en L029 como trazabilidad previa; no se reprocesa. / El tiempo ampliado gana sentido cuando se integra a una formación más rica, articulada al PEI y no reducida a intensificación mecánica."
IDD_B15_I06,PILOTAJE_V1_CANDIDATO,90,pedagogia,"Coherencia entre PEI, convivencia y currículo",por_confirmar,funcional,content/restructuring-v1/docente/pedagogia/por_confirmar/funcional/IDD_B15_I06.json,"content/items/stand-by/Currículo oficial, oculto, nulo, PEI y DUR 1075/IDD_B15_I06.json",L032,LISTO_PARA_BANCO | OMITIDO_POR_AUDITORIA_PREVIA,,auditoria/L008 | auditoria/L032,no,,content/items/beta-v1/pedagogia/IDD_B15_I06.json,"Ya auditado en L008 y conservado en L029 como trazabilidad previa; no se reprocesa. / Cuando PEI, convivencia y currículo se contradicen, la salida defendible es restaurar coherencia institucional con el horizonte pedagógico adoptado."
IDD_B16_I01,PILOTAJE_V1_CANDIDATO,90,pedagogia,autonomia_escolar,por_confirmar,funcional,content/items/pedagogia/IDD_B16_I01.json,"content/items/stand-by/Autonomía escolar, religión, colegios privados y equidad/IDD_B16_I01.json",L035,BANCO_OPERACIONAL | LISTO_PARA_BANCO | LISTO_PARA_PILOTAJE | Listo para el banco | OMITIDO_POR_AUDITORIA_PREVIA,,auditoria/L003 | auditoria/L035 | auditoria/L058 | auditoria/L081 | content/items | content/items/_banco-operacional.csv,si,clave_ok | justificacion_ok | opciones_ok,content/items/beta-v1/pedagogia/IDD_B16_I01.json,"Se conserva el dictamen previo porque el ítem sí mide tensión situada entre autonomía escolar y libertad de conciencia, pero todavía requiere pilotaje. / La clave es C porque la autonomía escolar no es absoluta y debe ceder cuando una exigencia institucional restringe de manera desproporcionada la libertad de conciencia o de cultos. La respuesta correcta no elimina la identidad institucional, sino que la compatibiliza con una acomodación razonable."
MTV_B08_I06,PILOTAJE_V1_CANDIDATO,90,pedagogia,actuación observable en interacción educativa,por_confirmar,comportamental,content/restructuring-v1/docente/competencias_ciudadanas/por_confirmar/comportamental/MTV_B08_I06.json,content/items/stand-by/Habilidades blandas y duras/MTV_B08_I06.json,L072,LISTO_PARA_BANCO | LISTO_PARA_PILOTAJE,,auditoria/L018 | auditoria/L065 | auditoria/L072,no,,content/items/beta-v1/pedagogia/MTV_B08_I06.json,"La decisión se mantiene desde la auditoría previa porque el caso conserva actuación observable y requería solo validación adicional de taxonomía y distractores. / La opcion A contiene escucha, autorregulacion, explicacion suficiente y una salida institucional proporcional. Es la unica que atiende la inquietud sin escalar el conflicto ni evadirlo."
MTV_B08_I07,PILOTAJE_V1_CANDIDATO,90,pedagogia,juicio pedagógico frente a equidad,por_confirmar,funcional,content/restructuring-v1/docente/pedagogia/por_confirmar/funcional/MTV_B08_I07.json,content/items/stand-by/Habilidades blandas y duras/MTV_B08_I07.json,L072,LISTO_PARA_BANCO | LISTO_PARA_PILOTAJE,,auditoria/L018 | auditoria/L065 | auditoria/L072,no,,content/items/beta-v1/pedagogia/MTV_B08_I07.json,"La decisión previa se mantiene porque el ítem evalúa juicio pedagógico real, aunque todavía requiere contraste humano de clasificación y discriminación. / La opcion A es la unica que preserva la evaluacion del aprendizaje y trata la contingencia sin volverla un castigo ni una excusa para eliminar el criterio academico."
MTV_B08_I08,PILOTAJE_V1_CANDIDATO,90,pedagogia,concertación profesional observable,por_confirmar,comportamental,content/restructuring-v1/docente/gestion/por_confirmar/comportamental/MTV_B08_I08.json,content/items/stand-by/Habilidades blandas y duras/MTV_B08_I08.json,L072,LISTO_PARA_BANCO | LISTO_PARA_PILOTAJE,,auditoria/L018 | auditoria/L065 | auditoria/L072,no,,content/items/beta-v1/pedagogia/MTV_B08_I08.json,"La decisión previa se mantiene porque el caso sí exige concertación profesional observable, aunque necesita validación humana de encuadre taxonómico. / La opcion A es la unica que convierte el desacuerdo en trabajo tecnico conjunto y no en obediencia, confrontacion individual o renuncia al trabajo colaborativo."
MTV_B08_I09,PILOTAJE_V1_CANDIDATO,90,pedagogia,manejo de clima de aula,por_confirmar,comportamental,content/restructuring-v1/docente/pedagogia/por_confirmar/comportamental/MTV_B08_I09.json,content/items/stand-by/Habilidades blandas y duras/MTV_B08_I09.json,L072,LISTO_PARA_BANCO | LISTO_PARA_PILOTAJE,,auditoria/L018 | auditoria/L065 | auditoria/L072,no,,content/items/beta-v1/pedagogia/MTV_B08_I09.json,"La decisión previa se mantiene porque el caso conserva aplicabilidad educativa real, aunque exige distractores más fuertes antes de banco. / La opcion C combina autorregulacion, sentido pedagogico y manejo del tiempo. Las demas o amplifican el incidente, o lo evaden, o responden desde una autoridad vacia."
MTV_B08_I13,PILOTAJE_V1_CANDIDATO,90,pedagogia,ruta restaurativa y convivencia,por_confirmar,comportamental,content/restructuring-v1/docente/competencias_ciudadanas/por_confirmar/comportamental/MTV_B08_I13.json,content/items/stand-by/Habilidades blandas y duras/MTV_B08_I13.json,L072,LISTO_PARA_BANCO | LISTO_PARA_PILOTAJE,,auditoria/L018 | auditoria/L065 | auditoria/L072,no,,content/items/beta-v1/pedagogia/MTV_B08_I13.json,"La decisión previa se mantiene porque el caso conserva valor aplicado en convivencia, aunque requiere contraste humano de alcance normativo y perfil. / La opcion B es la unica que prioriza seguridad inmediata y tratamiento formativo posterior. Las otras opciones son punitivas, omisivas o solo cosméticas."
MTV_B22_I02,PILOTAJE_CON_AJUSTE,90,pedagogia,aprendizaje_significativo,por_confirmar,funcional,content/items/pedagogia/MTV_B22_I02.json,content/items/stand-by/Aprendizaje significativo Ausubel/MTV_B22_I02.json,L047,BANCO_OPERACIONAL | LISTO_PARA_PILOTAJE | Listo para el banco | OMITIDO_POR_AUDITORIA_PREVIA | OPERACIONAL_AJUSTADO,ajuste_menor_pre_pilotaje | pilotar,auditoria/L033 | auditoria/L047 | auditoria/L061 | auditoria/L079 | content/items | content/items/_banco-operacional.csv | fase-5b/banco-operacional/part-002.csv | fase-5b/remediacion-liviana/part-002.csv,si,clave_ok | justificacion_ok | opciones_ok,content/items/beta-v1/pedagogia/MTV_B22_I02.json,La opción A es la mejor respuesta porque la secuencia parte de experiencias conocidas para enlazar el nuevo contenido con significados ya disponibles en los estudiantes.
MTV_B22_I06,PILOTAJE_CON_AJUSTE,90,pedagogia,aprendizaje_significativo,por_confirmar,funcional,content/items/pedagogia/MTV_B22_I06.json,content/items/stand-by/Aprendizaje significativo Ausubel/MTV_B22_I06.json,L047,BANCO_OPERACIONAL | LISTO_PARA_PILOTAJE | Listo para el banco | OMITIDO_POR_AUDITORIA_PREVIA | OPERACIONAL_AJUSTADO,ajuste_menor_pre_pilotaje | pilotar,auditoria/L033 | auditoria/L047 | auditoria/L061 | auditoria/L079 | content/items | content/items/_banco-operacional.csv | fase-5b/banco-operacional/part-002.csv | fase-5b/remediacion-liviana/part-002.csv,si,clave_ok | justificacion_ok | opciones_ok,content/items/beta-v1/pedagogia/MTV_B22_I06.json,La opción A es la mejor respuesta porque la docente parte de una concepción previa y la somete a contraste con evidencia para favorecer comprensión más elaborada.
MTV_B22_I09,PILOTAJE_CON_AJUSTE,90,pedagogia,aprendizaje_significativo,por_confirmar,funcional,content/items/pedagogia/MTV_B22_I09.json,content/items/stand-by/Aprendizaje significativo Ausubel/MTV_B22_I09.json,L047,BANCO_OPERACIONAL | LISTO_PARA_PILOTAJE | Listo para el banco | OMITIDO_POR_AUDITORIA_PREVIA | OPERACIONAL_AJUSTADO,ajuste_menor_pre_pilotaje | pilotar,auditoria/L033 | auditoria/L047 | auditoria/L061 | auditoria/L079 | content/items | content/items/_banco-operacional.csv | fase-5b/banco-operacional/part-002.csv | fase-5b/remediacion-liviana/part-002.csv,si,clave_ok | justificacion_ok | opciones_ok,content/items/beta-v1/pedagogia/MTV_B22_I09.json,La opción B es la mejor porque parte de situaciones familiares que ayudan a enlazar el nuevo concepto con experiencias previas antes de avanzar a la formalización.
NFL_B01_I01,PILOTAJE_V1_CANDIDATO,90,pedagogia,Curriculo y PEI,por_confirmar,funcional,content/restructuring-v1/docente/pedagogia/por_confirmar/funcional/NFL_B01_I01.json,"content/items/stand-by/Formación integral, fines de la educación y desarrollo de la personalidad/NFL_B01_I01.json",L017,LISTO_PARA_BANCO,,auditoria/L017,no,,content/items/beta-v1/pedagogia/NFL_B01_I01.json,"La opcion correcta incorpora la formacion integral en el trabajo ordinario del curriculo y la vuelve observable en decisiones, actividades y seguimiento, en lugar de externalizarla o suponerla automaticamente."
NFL_B07_I01,PILOTAJE_V1_CANDIDATO,90,pedagogia,"Acceso, permanencia e inclusión",por_confirmar,funcional,content/restructuring-v1/docente/normatividad/por_confirmar/funcional/NFL_B07_I01.json,"content/items/stand-by/Educación como derecho fundamental, bien común y derecho pluridimensional/NFL_B07_I01.json",L075,LISTO_PARA_BANCO | LISTO_PARA_PILOTAJE,,auditoria/L001 | auditoria/L075,no,,content/items/beta-v1/pedagogia/NFL_B07_I01.json,"El derecho a la educación no se agota en el cupo escolar: compromete condiciones efectivas de permanencia, inclusión y calidad."
PPDC_B05_I01,PILOTAJE_V1_CANDIDATO,90,pedagogia,Uso formativo del diagnóstico inicial,basica_primaria,funcional,content/restructuring-v1/docente/pedagogia/basica_primaria/funcional/PPDC_B05_I01.json,content/items/stand-by/Diagnóstico pedagógico en educación primaria/PPDC_B05_I01.json,L001,LISTO_PARA_BANCO,,auditoria/L001 | auditoria/L011 | auditoria/L062,no,,content/items/beta-v1/pedagogia/PPDC_B05_I01.json,El diagnóstico pedagógico inicial cumple una función formativa: produce información relevante para ajustar la enseñanza a las características reales del grupo. / Se conserva porque convierte el diagnóstico en decisión docente concreta para flexibilizar la planeación en primaria. / El diagnóstico pedagógico inicial cumple una función formativa: ofrece información para adecuar la enseñanza a las características reales del grupo en básica primaria.
PPDC_B06_I01,PILOTAJE_V1_CANDIDATO,90,pedagogia,integracion curricular de historia y diversidad cultural,por_confirmar,funcional,content/restructuring-v1/docente/pedagogia/por_confirmar/funcional/PPDC_B06_I01.json,"content/items/stand-by/Normatividad, fines de la educación y educación no formal/PPDC_B06_I01.json",L023,LISTO_PARA_BANCO | LISTO_PARA_PILOTAJE | OMITIDO_POR_AUDITORIA_PREVIA,,auditoria/L001 | auditoria/L023 | auditoria/L041,no,,content/items/beta-v1/pedagogia/PPDC_B06_I01.json,"La opcion B convierte los fines de la educacion en una orientacion curricular concreta: formar identidad, memoria historica y respeto por la diversidad desde experiencias sostenidas y no desde actos simbolicos aislados. / La integración transversal permite materializar fines formativos asociados a ciudadanía crítica, memoria, identidad y reconocimiento de la diversidad. / Ya auditado en L023; se conserva la trazabilidad previa y no se reprocesa en este lote."
PPDC_B07_I01,PILOTAJE_V1_CANDIDATO,90,pedagogia,aula_invertida,por_confirmar,funcional,content/items/pedagogia/PPDC_B07_I01.json,content/items/stand-by/Aula invertida y cambio de rol docente/PPDC_B07_I01.json,L036,BANCO_OPERACIONAL | LISTO_PARA_BANCO | LISTO_PARA_PILOTAJE | Listo para el banco | OMITIDO_POR_AUDITORIA_PREVIA,,auditoria/L003 | auditoria/L036 | auditoria/L061 | auditoria/L069 | auditoria/L079 | content/items | content/items/_banco-operacional.csv,si,clave_ok | justificacion_ok | opciones_ok,content/items/beta-v1/pedagogia/PPDC_B07_I01.json,"Ya auditado en L003; se conserva la trazabilidad previa y no se reprocesa en este lote. / La clave es B porque el aula invertida traslada la instrucción directa básica fuera del espacio presencial y reserva la clase para tareas de aplicación, análisis, discusión y retroalimentación con mediación activa del docente. / La respuesta correcta es B porque el aula invertida libera el tiempo presencial para tareas de mayor demanda cognitiva con acompanamiento docente directo. El cambio no consiste solo"
pedagogia-evaluacion-aprendizaje-001,PILOTAJE_V1_CANDIDATO,90,pedagogia,evaluacion_formativa,por_confirmar,funcional,content/items/pedagogia/pedagogia-evaluacion-aprendizaje-001.json,,,BANCO_OPERACIONAL | Listo para el banco,,content/items | content/items/_banco-operacional.csv,si,clave_ok | justificacion_ok | opciones_ok,content/items/beta-v1/pedagogia/pedagogia-evaluacion-aprendizaje-001.json,
pedagogia-evaluacion-aprendizaje-002,PILOTAJE_V1_CANDIDATO,90,pedagogia,evaluacion_formativa,por_confirmar,funcional,content/items/pedagogia/pedagogia-evaluacion-aprendizaje-002.json,,,BANCO_OPERACIONAL | Listo para el banco,,content/items | content/items/_banco-operacional.csv,si,clave_ok | justificacion_ok | opciones_ok,content/items/beta-v1/pedagogia/pedagogia-evaluacion-aprendizaje-002.json,
pedagogia-inclusion-001,PILOTAJE_V1_CANDIDATO,90,pedagogia,inclusion_y_equidad,por_confirmar,funcional,content/items/pedagogia/pedagogia-inclusion-001.json,,,BANCO_OPERACIONAL | Listo para el banco,,content/items | content/items/_banco-operacional.csv,si,clave_ok | justificacion_ok | opciones_ok,content/items/beta-v1/pedagogia/pedagogia-inclusion-001.json,
pedagogia-inclusion-002,PILOTAJE_V1_CANDIDATO,90,pedagogia,inclusion_y_equidad,por_confirmar,funcional,content/items/pedagogia/pedagogia-inclusion-002.json,,,BANCO_OPERACIONAL | Listo para el banco,,content/items | content/items/_banco-operacional.csv,si,clave_ok | justificacion_ok | opciones_ok,content/items/beta-v1/pedagogia/pedagogia-inclusion-002.json,
pedagogia-planeacion-aula-001,PILOTAJE_V1_CANDIDATO,90,pedagogia,planeacion_curricular,por_confirmar,funcional,content/items/pedagogia/pedagogia-planeacion-aula-001.json,,,BANCO_OPERACIONAL | Listo para el banco,,content/items | content/items/_banco-operacional.csv,si,clave_ok | justificacion_ok | opciones_ok,content/items/beta-v1/pedagogia/pedagogia-planeacion-aula-001.json,
EIP_B07_I01,PILOTAJE_CON_AJUSTE,75,pedagogia,Comprension conceptual en secundaria,secundaria_media,funcional,content/restructuring-v1/docente/pedagogia/secundaria_media/funcional/EIP_B07_I01.json,content/items/stand-by/Pensamiento científico y didáctica en básica secundaria/EIP_B07_I01.json,L043,LISTO_PARA_PILOTAJE | OMITIDO_POR_AUDITORIA_PREVIA | OPERACIONAL_AJUSTADO,ajuste_menor_pre_pilotaje | pilotar,auditoria/L024 | auditoria/L043 | fase-5b/banco-operacional/part-001.csv | fase-5b/remediacion-liviana/part-001.csv,no,,content/items/beta-v1/pedagogia/EIP_B07_I01.json,La opcion B es la unica que cuestiona la ausencia de indagacion y sentido fenomenico sin caer en negaciones caricaturescas del conocimiento cientifico o del uso de formulas.
EIP_B07_I02,PILOTAJE_CON_AJUSTE,75,pedagogia,Indagacion experimental,secundaria_media,funcional,content/restructuring-v1/docente/pedagogia/secundaria_media/funcional/EIP_B07_I02.json,content/items/stand-by/Pensamiento científico y didáctica en básica secundaria/EIP_B07_I02.json,L043,LISTO_PARA_PILOTAJE | OMITIDO_POR_AUDITORIA_PREVIA | OPERACIONAL_AJUSTADO,ajuste_menor_pre_pilotaje | pilotar,auditoria/L024 | auditoria/L043 | fase-5b/banco-operacional/part-001.csv | fase-5b/remediacion-liviana/part-001.csv,no,,content/items/beta-v1/pedagogia/EIP_B07_I02.json,"La opcion A es la unica que integra observacion, relacion variable-fenomeno y construccion explicativa. Las otras minimizan el papel del analisis o reducen la actividad a motivacion superficial."
EIP_B07_I03,PILOTAJE_CON_AJUSTE,75,pedagogia,Ajuste metodologico,secundaria_media,funcional,content/restructuring-v1/docente/pedagogia/secundaria_media/funcional/EIP_B07_I03.json,content/items/stand-by/Pensamiento científico y didáctica en básica secundaria/EIP_B07_I03.json,L043,LISTO_PARA_PILOTAJE | OMITIDO_POR_AUDITORIA_PREVIA | OPERACIONAL_AJUSTADO,ajuste_menor_pre_pilotaje | pilotar,auditoria/L024 | auditoria/L043 | fase-5b/banco-operacional/part-001.csv | fase-5b/remediacion-liviana/part-001.csv,no,,content/items/beta-v1/pedagogia/EIP_B07_I03.json,"La opcion B es la unica que reorienta la metodologia hacia indagacion, evidencia y transferencia. Las otras respuestas profundizan justo el problema descrito."
IDD_B06_I01,PILOTAJE_CON_AJUSTE,75,pedagogia,participacion en el mismo proposito de aprendizaje,por_confirmar,funcional,content/restructuring-v1/docente/pedagogia/por_confirmar/funcional/IDD_B06_I01.json,content/items/stand-by/Inclusión práctica vs. segregación en aula/IDD_B06_I01.json,L039,LISTO_PARA_PILOTAJE | OMITIDO_POR_AUDITORIA_PREVIA | OPERACIONAL_AJUSTADO,ajuste_menor_pre_pilotaje | pilotar,auditoria/L020 | auditoria/L039 | fase-5b/banco-operacional/part-004.csv | fase-5b/remediacion-liviana/part-004.csv,no,,content/items/beta-v1/pedagogia/IDD_B06_I01.json,"La opcion A mantiene el nucleo de la educacion inclusiva: mismo proposito formativo, participacion y apoyos pertinentes. Una tarea paralela sin valor curricular compartido produce segregacion encubierta."
IDD_B06_I02,PILOTAJE_CON_AJUSTE,75,pedagogia,uso de apoyos visuales sin aislar al estudiante,por_confirmar,funcional,content/restructuring-v1/docente/pedagogia/por_confirmar/funcional/IDD_B06_I02.json,content/items/stand-by/Inclusión práctica vs. segregación en aula/IDD_B06_I02.json,L039,LISTO_PARA_PILOTAJE | OMITIDO_POR_AUDITORIA_PREVIA | OPERACIONAL_AJUSTADO,ajuste_menor_pre_pilotaje | pilotar,auditoria/L020 | auditoria/L039 | fase-5/pilotaje | fase-5b/banco-operacional/part-004.csv | fase-5b/remediacion-liviana/part-004.csv,no,,content/items/beta-v1/pedagogia/IDD_B06_I02.json,Registro corregido desde L020-A con trazabilidad de lote verificable. / La opcion C traduce el principio del DUA: planear desde el inicio multiples formas de acceso y expresion sin romper el objetivo compartido ni aislar al estudiante.
IDD_B07_I02,PILOTAJE_CON_AJUSTE,75,pedagogia,transformacion de la ensenanza frente a diversidad,por_confirmar,funcional,content/restructuring-v1/docente/pedagogia/por_confirmar/funcional/IDD_B07_I02.json,"content/items/stand-by/Inclusión, equidad socioeconómica y adaptabilidad curricular/IDD_B07_I02.json",L039,LISTO_PARA_PILOTAJE | OMITIDO_POR_AUDITORIA_PREVIA | OPERACIONAL_AJUSTADO,ajuste_menor_pre_pilotaje | pilotar,auditoria/L020 | auditoria/L039 | fase-5b/banco-operacional/part-004.csv | fase-5b/remediacion-liviana/part-004.csv,no,,content/items/beta-v1/pedagogia/IDD_B07_I02.json,"La opcion A recoge el principio de adaptabilidad curricular: el sistema educativo se transforma para remover barreras y ampliar acceso, participacion y aprendizaje."
IDD_B11_I01,PILOTAJE_CON_AJUSTE,75,pedagogia,Mediacion ante errores procedimentales en matematicas,por_confirmar,funcional,content/restructuring-v1/docente/pedagogia/por_confirmar/funcional/,"content/items/stand-by/Error, conflicto cognitivo y reestructuración de esquemas/IDD_B11_I01.json",L047,LISTO_PARA_PILOTAJE | OMITIDO_POR_AUDITORIA_PREVIA | OPERACIONAL_AJUSTADO,ajuste_menor_pre_pilotaje | pilotar,auditoria/L014 | auditoria/L047 | fase-5b/banco-operacional/part-002.csv | fase-5b/remediacion-liviana/part-002.csv,no,,content/items/beta-v1/pedagogia/IDD_B11_I01.json,La opcion A obliga a hacer visible el significado de la fraccion y confronta el procedimiento errado con una representacion que permite revisarlo. No castiga ni reemplaza la actividad cognitiva del estudiante.
IDD_B11_I03,PILOTAJE_CON_AJUSTE,75,pedagogia,Contraste empirico de concepciones intuitivas,por_confirmar,funcional,content/restructuring-v1/docente/pedagogia/por_confirmar/funcional/,"content/items/stand-by/Error, conflicto cognitivo y reestructuración de esquemas/IDD_B11_I03.json",L047,LISTO_PARA_PILOTAJE | OMITIDO_POR_AUDITORIA_PREVIA | OPERACIONAL_AJUSTADO,ajuste_menor_pre_pilotaje | pilotar,auditoria/L014 | auditoria/L047 | fase-5b/banco-operacional/part-003.csv | fase-5b/remediacion-liviana/part-003.csv,no,,content/items/beta-v1/pedagogia/IDD_B11_I03.json,La opcion A no se limita a nombrar la teoria correcta: hace chocar la regla intuitiva con una evidencia incompatible y obliga a revisar la explicacion. Ese es el nucleo del conflicto cognitivo formativo.
IDD_B11_I04,PILOTAJE_CON_AJUSTE,75,pedagogia,Uso de errores colectivos para ajustar la enseñanza,por_confirmar,funcional,content/restructuring-v1/docente/pedagogia/por_confirmar/funcional/,"content/items/stand-by/Error, conflicto cognitivo y reestructuración de esquemas/IDD_B11_I04.json",L047,LISTO_PARA_PILOTAJE | OMITIDO_POR_AUDITORIA_PREVIA | OPERACIONAL_AJUSTADO,ajuste_menor_pre_pilotaje | pilotar,auditoria/L014 | auditoria/L047 | fase-5b/banco-operacional/part-003.csv | fase-5b/remediacion-liviana/part-003.csv,no,,content/items/beta-v1/pedagogia/IDD_B11_I04.json,"Cuando el error es colectivo, la lectura formativa apunta a revisar mediacion, representaciones y secuencia de aprendizaje. La opcion A convierte el resultado en informacion para intervenir, no solo para clasificar."
MTV_B23_I01,PILOTAJE_CON_AJUSTE,75,pedagogia,Secuencias experimentales para conflicto cognitivo,por_confirmar,funcional,content/restructuring-v1/docente/pedagogia/por_confirmar/funcional/,"content/items/stand-by/Error, conflicto cognitivo y reestructuración de esquemas/MTV_B23_I01.json",L047,LISTO_PARA_PILOTAJE | OMITIDO_POR_AUDITORIA_PREVIA | OPERACIONAL_AJUSTADO,ajuste_menor_pre_pilotaje | pilotar,auditoria/L014 | auditoria/L047 | fase-5b/banco-operacional/part-003.csv | fase-5b/remediacion-liviana/part-003.csv,no,,content/items/beta-v1/pedagogia/MTV_B23_I01.json,"La opcion A conserva el nucleo del cambio conceptual: prediccion, contraste con evidencia y revision de la explicacion. Las otras opciones evitan o tercerizan esa confrontacion."
CB01_I01,PILOTAJE_V1_RESERVA,65,pedagogia,,por_confirmar,funcional,content/items/stand-by/Currículo y Contexto Social/CB01_I01.json,content/items/stand-by/Currículo y Contexto Social/CB01_I01.json,L031,LISTO_PARA_PILOTAJE | OMITIDO_POR_AUDITORIA_PREVIA,,auditoria/L031 | fase-5/pilotaje,no,,content/items/beta-v1/pedagogia/CB01_I01.json,Buen caso situado sobre pertinencia curricular y diagnóstico comunitario.
CB09_I01,PILOTAJE_V1_RESERVA,65,pedagogia,Organizacion del horario escolar,por_confirmar,funcional,content/restructuring-v1/docente/gestion/por_confirmar/funcional/CB09_I01.json,content/items/stand-by/Horario escolar/CB09_I01.json,L041,LISTO_PARA_PILOTAJE | OMITIDO_POR_AUDITORIA_PREVIA,,auditoria/L018 | auditoria/L041,no,,content/items/beta-v1/pedagogia/CB09_I01.json,"Ya auditado en L018; se conserva la trazabilidad previa y no se reprocesa en este lote. / La opcion A es la unica que asume la responsabilidad institucional del problema y lo corrige con criterios de gestion. Las otras opciones delegan, recortan el servicio o evaden el problema."
CB13_I03,PILOTAJE_V1_RESERVA,65,pedagogia,Plan de estudios,por_confirmar,funcional,content/restructuring-v1/docente/pedagogia/por_confirmar/basica/CB13_I03.json,content/items/stand-by/Currículo vs plan vs malla/CB13_I03.json,L008,LISTO_PARA_PILOTAJE | OMITIDO_POR_AUDITORIA_PREVIA,,auditoria/L008 | auditoria/L031,no,,content/items/beta-v1/pedagogia/CB13_I03.json,"La descripción corresponde al instrumento que organiza la estructura académica institucional por áreas, grados y tiempos."
CB14_I01,PILOTAJE_V1_RESERVA,65,pedagogia,Formación integral frente a reduccionismo academicista,por_confirmar,funcional,content/restructuring-v1/docente/normatividad/por_confirmar/funcional/CB14_I01.json,content/items/stand-by/Propósitos de la educación/CB14_I01.json,L075,LISTO_PARA_PILOTAJE,,auditoria/L025 | auditoria/L075,no,,content/items/beta-v1/pedagogia/CB14_I01.json,"La opción correcta sostiene el principio de formación integral, pero necesita distractores más competitivos porque hoy la respuesta correcta resalta demasiado."
CB14_I04,PILOTAJE_V1_RESERVA,65,pedagogia,Evaluación integral y procesual como expresión de fines formativos,por_confirmar,funcional,content/restructuring-v1/docente/normatividad/por_confirmar/funcional/CB14_I04.json,content/items/stand-by/Propósitos de la educación/CB14_I04.json,L075,LISTO_PARA_PILOTAJE,,auditoria/L025 | auditoria/L075,no,,content/items/beta-v1/pedagogia/CB14_I04.json,"La respuesta correcta es defendible, pero la clave se distingue con demasiada facilidad y el ítem se desplaza parcialmente hacia política de evaluación más que a propósitos educativos en sentido más amplio."
CB15_I02,PILOTAJE_V1_RESERVA,65,pedagogia,Exploracion de saberes previos,por_confirmar,funcional,content/restructuring-v1/docente/pedagogia/por_confirmar/funcional/CB15_I02.json,content/items/stand-by/Fases enseñanza/CB15_I02.json,L057,LISTO_PARA_PILOTAJE | OMITIDO_POR_AUDITORIA_PREVIA,pilotar,auditoria/L017 | auditoria/L057 | fase-5b/banco-operacional/part-005.csv,no,,content/items/beta-v1/pedagogia/CB15_I02.json,La opcion correcta activa explicaciones previas observables y le da al docente informacion util para decidir como mediar el aprendizaje sin convertir la apertura en memoria o sancion.
CB15_I04,PILOTAJE_V1_RESERVA,65,pedagogia,Cierre y transferencia,por_confirmar,funcional,content/restructuring-v1/docente/pedagogia/por_confirmar/funcional/CB15_I04.json,content/items/stand-by/Fases enseñanza/CB15_I04.json,L057,LISTO_PARA_PILOTAJE | OMITIDO_POR_AUDITORIA_PREVIA,pilotar,auditoria/L017 | auditoria/L057 | fase-5b/banco-operacional/part-005.csv,no,,content/items/beta-v1/pedagogia/CB15_I04.json,"La opcion correcta combina transferencia, explicitacion del razonamiento y retroalimentacion de cierre, que son rasgos defendibles de una fase final con sentido pedagogico."
CEOL_B03_I01,PILOTAJE_V1_RESERVA,65,pedagogia,Corresponsabilidad en proyectos transversales,orientador,funcional,content/restructuring-v1/docente/pedagogia/orientador/funcional/CEOL_B03_I01.json,"content/items/stand-by/Rol, funciones y límites del orientador escolar/CEOL_B03_I01.json",L027,LISTO_PARA_PILOTAJE,,auditoria/L027,no,,content/items/beta-v1/pedagogia/CEOL_B03_I01.json,"La opcion correcta mantiene la corresponsabilidad institucional y delimita el papel del orientador como asesor y articulador, no como sustituto de la accion pedagogica del conjunto docente."
CEOL_B07_I02,PILOTAJE_V1_RESERVA,65,pedagogia,Secuencia de deconstruccion respetuosa,por_confirmar,funcional,content/restructuring-v1/docente/pedagogia/por_confirmar/funcional/CEOL_B07_I02.json,"content/items/stand-by/Ideas previas, conflicto cognitivo y desarrollo constructivista/CEOL_B07_I02.json",L018,LISTO_PARA_PILOTAJE,,auditoria/L018,no,,content/items/beta-v1/pedagogia/CEOL_B07_I02.json,"La opcion A es la unica que describe una secuencia completa de cambio conceptual. B reduce el proceso a transmision, C lo vuelve relativista sin contraste y D se queda en una actividad superficial de reconocimiento visual."
CEOL_B08_I01,PILOTAJE_V1_RESERVA,65,pedagogia,Respuesta docente ante frustracion y baja participacion,por_confirmar,funcional,content/restructuring-v1/docente/pedagogia/por_confirmar/funcional/,"content/items/stand-by/Enseñar, formar, motivación didáctica y competencias socioemocionales/CEOL_B08_I01.json",L014,LISTO_PARA_PILOTAJE,,auditoria/L014,no,,content/items/beta-v1/pedagogia/CEOL_B08_I01.json,"La opcion A sostiene la exigencia academica y, al mismo tiempo, modifica la experiencia del error mediante apoyo, metas reguladas y retroalimentacion formativa. No baja artificialmente el nivel ni usa coercion para motivar."
CEOL_B08_I04,PILOTAJE_V1_RESERVA,65,pedagogia,Contextualizacion de conceptos abstractos,por_confirmar,funcional,content/restructuring-v1/docente/pedagogia/por_confirmar/funcional/,"content/items/stand-by/Enseñar, formar, motivación didáctica y competencias socioemocionales/CEOL_B08_I04.json",L014,LISTO_PARA_PILOTAJE,,auditoria/L014,no,,content/items/beta-v1/pedagogia/CEOL_B08_I04.json,La opcion A conserva la tarea matematica y usa la pregunta estudiantil para dotar de sentido al contenido. No cae en activismo sin disciplina ni en respuesta autoritaria.
CEOL_B09_I02,PILOTAJE_V1_RESERVA,65,pedagogia,Dinamizacion del trabajo de aula,por_confirmar,funcional,content/restructuring-v1/docente/pedagogia/por_confirmar/funcional/CEOL_B09_I02.json,"content/items/stand-by/Gestión de aula, lectura, creatividad y honestidad académica/CEOL_B09_I02.json",L017,LISTO_PARA_PILOTAJE,,auditoria/L017,no,,content/items/beta-v1/pedagogia/CEOL_B09_I02.json,"La opcion correcta crea una exigencia cognitiva observable de argumentacion, elaboracion y comparacion de soluciones, que es mas pertinente que aumentar teoria, simplificar evaluacion o renunciar a la intencionalidad pedagogica."
CEOL_B09_I03,PILOTAJE_V1_RESERVA,65,pedagogia,Mediación didáctica de la lectura con autoría propia,por_confirmar,funcional,content/restructuring-v1/docente/pedagogia/por_confirmar/funcional/CEOL_B09_I03.json,"content/items/stand-by/Gestión de aula, lectura, creatividad y honestidad académica/CEOL_B09_I03.json",L034,LISTO_PARA_PILOTAJE,,auditoria/L034,no,,content/items/beta-v1/pedagogia/CEOL_B09_I03.json,"La opción C rediseña la tarea para exigir lectura comprensiva, elaboración personal y uso trazable de fuentes. No se limita a vigilar la copia: transforma la experiencia de lectura y produce evidencia más válida del aprendizaje."
CEOL_B09_I04,PILOTAJE_V1_RESERVA,65,pedagogia,Respuesta formativa ante plagio escolar,por_confirmar,funcional,content/restructuring-v1/docente/pedagogia/por_confirmar/funcional/CEOL_B09_I04.json,"content/items/stand-by/Gestión de aula, lectura, creatividad y honestidad académica/CEOL_B09_I04.json",L034,LISTO_PARA_PILOTAJE,,auditoria/L034,no,,content/items/beta-v1/pedagogia/CEOL_B09_I04.json,"La opción B combina exigencia ética, enseñanza explícita y nueva evidencia de aprendizaje. Es la respuesta más sólida cuando el propósito es corregir el plagio sin vaciar la evaluación de sentido pedagógico."
DIL_B04_I04,PILOTAJE_V1_RESERVA,65,pedagogia,Confidencialidad en casos sensibles,por_confirmar,funcional,content/restructuring-v1/docente/normatividad/por_confirmar/funcional/DIL_B04_I04.json,"content/items/stand-by/Responsabilidad legal escolar, riesgos y prohibición de tratos degradantes/DIL_B04_I04.json",L081,LISTO_PARA_PILOTAJE,,auditoria/L027 | auditoria/L068 | auditoria/L078 | auditoria/L081,no,,content/items/beta-v1/pedagogia/DIL_B04_I04.json,"Buena tarea sobre confidencialidad y protección, aunque con distractores demasiado extremos. / La opcion correcta protege la intimidad del estudiante y cumple el deber institucional de reporte, evitando tanto la exposicion publica como la omision por espera de autorizaciones improcedentes."
EFCC_B01_I01,PILOTAJE_V1_RESERVA,65,pedagogia,Literalidad mecánica frente a comprensión conceptual,por_confirmar,funcional,content/restructuring-v1/docente/pedagogia/por_confirmar/funcional/EFCC_B01_I01.json,"content/items/stand-by/Evaluación technicista, punitiva y formativa/EFCC_B01_I01.json",L054,LISTO_PARA_PILOTAJE | OMITIDO_POR_AUDITORIA_PREVIA,,auditoria/L016 | auditoria/L054 | fase-5/pilotaje,no,,content/items/beta-v1/pedagogia/EFCC_B01_I01.json,"Caso plausible con mejor respuesta clara. / La opción B es la mejor respuesta porque identifica el problema central del caso: la calificación se centra en fidelidad literal y no en evidencia de comprensión, con lo que castiga formas válidas de explicar el concepto."
EFCC_B04_I01,PILOTAJE_V1_RESERVA,65,pedagogia,Evidencia de desempeño y tareas auténticas,por_confirmar,funcional,content/restructuring-v1/docente/pedagogia/por_confirmar/funcional/EFCC_B04_I01.json,content/items/stand-by/Evaluación integral por competencias/EFCC_B04_I01.json,L054,LISTO_PARA_PILOTAJE | OMITIDO_POR_AUDITORIA_PREVIA,,auditoria/L016 | auditoria/L054 | auditoria/L073 | auditoria/L080 | fase-5/pilotaje,no,,content/items/beta-v1/pedagogia/EFCC_B04_I01.json,"Buen foco en evidencia de desempeño. / La opción A es la única que genera evidencia plural y auténtica del desempeño: integra saber conceptual, procedimental y actitudinal, hace visibles procesos y permite criterios transparentes de valoración. / La alternativa A es la única que articula fuentes de evidencia diversas y criterios de desempeño consistentes con una evaluación por competencias; por eso es recuperable para pilotaje. / La respuesta correcta es A porque una evaluacion integral por comp"
EIP_B03_I02,PILOTAJE_V1_RESERVA,65,pedagogia,dimension_sicomotriz_en_aula,preescolar,funcional,content/restructuring-v1/docente/pedagogia/preescolar/funcional/EIP_B03_I02.json,content/items/stand-by/Desarrollo integral en preescolar - cinco dimensiones/EIP_B03_I02.json,L010-A,LISTO_PARA_PILOTAJE,,auditoria/L010,no,,content/items/beta-v1/pedagogia/EIP_B03_I02.json,"La clave es C porque las experiencias descritas se vinculan con coordinación, movimiento y exploración corporal, que son parte central del desarrollo sicomotriz en preescolar."
EIP_B03_I03,PILOTAJE_V1_RESERVA,65,pedagogia,dimension_socioafectiva_en_transicion,preescolar,funcional,content/restructuring-v1/docente/pedagogia/preescolar/funcional/EIP_B03_I03.json,content/items/stand-by/Desarrollo integral en preescolar - cinco dimensiones/EIP_B03_I03.json,L010-A,LISTO_PARA_PILOTAJE,,auditoria/L010,no,,content/items/beta-v1/pedagogia/EIP_B03_I03.json,"La clave es B porque el caso trata de separación, vínculo, seguridad emocional y socialización, que pertenecen al núcleo socioafectivo del desarrollo en preescolar."
EIP_B03_I04,PILOTAJE_V1_RESERVA,65,pedagogia,dimension_cognoscitiva_mediante_juego_y_exploracion,preescolar,funcional,content/restructuring-v1/docente/pedagogia/preescolar/funcional/EIP_B03_I04.json,content/items/stand-by/Desarrollo integral en preescolar - cinco dimensiones/EIP_B03_I04.json,L010-A,LISTO_PARA_PILOTAJE,,auditoria/L010,no,,content/items/beta-v1/pedagogia/EIP_B03_I04.json,"La clave es D porque en preescolar el desarrollo cognoscitivo se nutre de exploración, curiosidad, manipulación y juego, no de escolarización mecánica prematura."
EIP_B03_I05,PILOTAJE_V1_RESERVA,65,pedagogia,dimension_espiritual_y_libertad_de_cultos,preescolar,funcional,content/restructuring-v1/docente/pedagogia/preescolar/funcional/EIP_B03_I05.json,content/items/stand-by/Desarrollo integral en preescolar - cinco dimensiones/EIP_B03_I05.json,L010-B,LISTO_PARA_PILOTAJE,,auditoria/L010,no,,content/items/beta-v1/pedagogia/EIP_B03_I05.json,"La clave es A porque permite trabajar interioridad, valores y convivencia respetando la libertad de cultos y evitando imponer una confesión específica a niños y familias."
EIP_B04_I04,PILOTAJE_V1_RESERVA,65,pedagogia,Cuidado corporal y límites personales,preescolar,funcional,content/restructuring-v1/docente/pedagogia/preescolar/funcional/EIP_B04_I04.json,"content/items/stand-by/Identidad, autonomía y reconocimiento del cuerpo/EIP_B04_I04.json",L019,LISTO_PARA_PILOTAJE,,auditoria/L019,no,,content/items/beta-v1/pedagogia/EIP_B04_I04.json,"En preescolar, el trabajo corporal no es accesorio: sostiene identidad, seguridad, autocuidado y regulación del vínculo con los otros."
GA02_B01_I01,PILOTAJE_V1_RESERVA,65,pedagogia,Coherencia entre enfoque pedagógico institucional y práctica de aula,por_confirmar,funcional,content/restructuring-v1/docente/pedagogia/en_espera/funcional/GA02_B01_I01.json,content/items/stand-by/Articulación PEI y práctica pedagógica/GA02_B01.json,L002,LISTO_PARA_PILOTAJE,,auditoria/L002,no,,content/items/beta-v1/pedagogia/GA02_B01_I01.json,"La opción C es la única que traduce el enfoque de aprendizaje significativo del PEI a decisiones observables de aula: conexión con saberes previos, contextualización del contenido y evaluación formativa para verificar comprensión y ajustar la mediación pedagógica."
IDD_B02_I03,PILOTAJE_V1_RESERVA,65,pedagogia,Cambio de paradigma institucional,por_confirmar,funcional,content/restructuring-v1/docente/pedagogia/por_confirmar/funcional/IDD_B02_I03.json,"content/items/stand-by/Marco constitucional, legal y jurisprudencial de inclusión/IDD_B02_I03.json",L021,LISTO_PARA_PILOTAJE,,auditoria/L021,no,,content/items/beta-v1/pedagogia/IDD_B02_I03.json,"La opcion C es la unica que expresa inclusion como transformacion del entorno comun. Las otras respuestas segregan, rebajan expectativas o trasladan la carga a la familia."
IDD_B04_I03,PILOTAJE_V1_RESERVA,65,pedagogia,Liderazgo pedagógico del PIAR,por_confirmar,funcional,content/restructuring-v1/docente/pedagogia/por_confirmar/funcional/IDD_B04_I03.json,"content/items/stand-by/DUA, PIAR y ajustes razonables/IDD_B04_I03.json",L038,LISTO_PARA_PILOTAJE,,auditoria/L038,no,,content/items/beta-v1/pedagogia/IDD_B04_I03.json,"La opcion B mantiene el caracter pedagogico del PIAR: el docente de aula lidera la planificacion y aplicacion de ajustes en su practica, mientras el apoyo especializado orienta y articula sin reemplazar esa responsabilidad."
IDD_B04_I04,PILOTAJE_V1_RESERVA,65,pedagogia,Pertinencia de ajustes razonables,por_confirmar,funcional,content/restructuring-v1/docente/pedagogia/por_confirmar/funcional/IDD_B04_I04.json,"content/items/stand-by/DUA, PIAR y ajustes razonables/IDD_B04_I04.json",L038,LISTO_PARA_PILOTAJE,,auditoria/L038,no,,content/items/beta-v1/pedagogia/IDD_B04_I04.json,"La opcion B recoge el criterio central: un ajuste razonable elimina barreras especificas, es factible y sostiene la participacion del estudiante en el aprendizaje comun, sin sustituir su agencia ni reducir la tarea a simple facilitacion."
IDD_B04_I06,PILOTAJE_V1_RESERVA,65,pedagogia,Diseño universal en planeacion de aula,secundaria_media,funcional,content/restructuring-v1/docente/pedagogia/secundaria_media/funcional/IDD_B04_I06.json,"content/items/stand-by/DUA, PIAR y ajustes razonables/IDD_B04_I06.json",L038,LISTO_PARA_PILOTAJE,,auditoria/L038 | fase-5/pilotaje,no,,content/items/beta-v1/pedagogia/IDD_B04_I06.json,"Ítem defendible pero necesita calibración empírica. / La opcion B representa el nucleo del DUA: flexibilidad desde el diseno inicial, diversidad de accesos y expresiones, y una meta comun que no segrega ni posterga la inclusion para un momento remedial."
IDD_B05_I01,PILOTAJE_V1_RESERVA,65,pedagogia,rol_del_docente_de_apoyo,por_confirmar,funcional,content/restructuring-v1/docente/pedagogia/por_confirmar/funcional/IDD_B05_I01.json,"content/items/stand-by/Docente de apoyo, orientador y valoración pedagógica/IDD_B05_I01.json",L013-A,LISTO_PARA_PILOTAJE,,auditoria/L013,no,,content/items/beta-v1/pedagogia/IDD_B05_I01.json,La clave es B porque el docente de apoyo cumple una función pedagógica de acompañamiento y co-planeación; no reemplaza al docente de aula ni asume funciones clínicas o segregadoras.
IDD_B05_I03,PILOTAJE_V1_RESERVA,65,pedagogia,valoracion_pedagogica_para_ajustes,por_confirmar,funcional,content/restructuring-v1/docente/pedagogia/por_confirmar/funcional/IDD_B05_I03.json,"content/items/stand-by/Docente de apoyo, orientador y valoración pedagógica/IDD_B05_I03.json",L013-A,LISTO_PARA_PILOTAJE,,auditoria/L013,no,,content/items/beta-v1/pedagogia/IDD_B05_I03.json,"La clave es A porque la valoración pedagógica no clasifica clínicamente ni excluye; orienta la respuesta educativa a partir de barreras, fortalezas y apoyos."
MTV_B18_I07,PILOTAJE_V1_RESERVA,65,pedagogia,flexibilizacion curricular,por_confirmar,funcional,content/restructuring-v1/docente/pedagogia/por_confirmar/funcional/MTV_B18_I07.json,content/items/stand-by/Tipos de currículo/MTV_B18_I07.json,L032,LISTO_PARA_PILOTAJE | OMITIDO_POR_AUDITORIA_PREVIA,,auditoria/L028 | auditoria/L032,no,,content/items/beta-v1/pedagogia/MTV_B18_I07.json,"Ya auditado en L028; se conserva la trazabilidad previa y no se reprocesa en este lote de control de duplicados. / La respuesta correcta mantiene el mismo proposito de aprendizaje y modifica medios de acceso y participacion, en lugar de excluir o uniformar indebidamente."
MTV_B18_I08,PILOTAJE_V1_RESERVA,65,pedagogia,"coherencia entre PEI, planeacion y practica",por_confirmar,funcional,content/restructuring-v1/docente/pedagogia/por_confirmar/funcional/MTV_B18_I08.json,content/items/stand-by/Tipos de currículo/MTV_B18_I08.json,L032,LISTO_PARA_PILOTAJE | OMITIDO_POR_AUDITORIA_PREVIA,,auditoria/L028 | auditoria/L032,no,,content/items/beta-v1/pedagogia/MTV_B18_I08.json,"Ya auditado en L028; se conserva la trazabilidad previa y no se reprocesa en este lote de control de duplicados. / La correccion del problema exige que el PEI oriente efectivamente la planeacion, la evaluacion y las practicas pedagogicas, no solo los textos institucionales."
MTV_B18_I10,PILOTAJE_V1_RESERVA,65,pedagogia,curriculo declarado y curriculo vivido,por_confirmar,funcional,content/restructuring-v1/docente/pedagogia/por_confirmar/funcional/MTV_B18_I10.json,content/items/stand-by/Tipos de currículo/MTV_B18_I10.json,L032,LISTO_PARA_PILOTAJE | OMITIDO_POR_AUDITORIA_PREVIA,,auditoria/L028 | auditoria/L032,no,,content/items/beta-v1/pedagogia/MTV_B18_I10.json,Ya auditado en L028; se conserva la trazabilidad previa y no se reprocesa en este lote de control de duplicados. / La situacion no se resuelve agregando discurso teorico ni sancion; exige revisar la coherencia entre valores ensenados y practicas cotidianas de aula.
MTV_B31_I07,PILOTAJE_V1_RESERVA,65,pedagogia,Idoneidad docente y necesidades del servicio,por_confirmar,funcional,content/restructuring-v1/docente/gestion/por_confirmar/funcional/MTV_B31_I07.json,"content/items/stand-by/Jornada escolar, horario laboral y asignación académica/MTV_B31_I07.json",L041,LISTO_PARA_PILOTAJE | OMITIDO_POR_AUDITORIA_PREVIA,,auditoria/L021 | auditoria/L041,no,,content/items/beta-v1/pedagogia/MTV_B31_I07.json,"Ya auditado en L021; se conserva la trazabilidad previa y no se reprocesa en este lote. / La opcion A es la unica que convierte la norma en criterio tecnico de asignacion y protege la calidad educativa. Las demas respuestas usan criterios informales, afectivos o meramente logísticos."
MTV_B31_I08,PILOTAJE_V1_RESERVA,65,pedagogia,Descanso pedagogico,por_confirmar,funcional,content/restructuring-v1/docente/normatividad/por_confirmar/funcional/MTV_B31_I08.json,"content/items/stand-by/Jornada escolar, horario laboral y asignación académica/MTV_B31_I08.json",L041,LISTO_PARA_PILOTAJE | OMITIDO_POR_AUDITORIA_PREVIA,,auditoria/L021 | auditoria/L041,no,,content/items/beta-v1/pedagogia/MTV_B31_I08.json,"Ya auditado en L021; se conserva la trazabilidad previa y no se reprocesa en este lote. / La opcion A es la unica que traduce el marco de cuidado a una actuacion institucional concreta durante el descanso. Las otras opciones suspenden, reducen o niegan indebidamente la responsabilidad escolar."
MTV_B31_I09,PILOTAJE_V1_RESERVA,65,pedagogia,Supervision del grupo,por_confirmar,funcional,content/restructuring-v1/docente/normatividad/por_confirmar/funcional/MTV_B31_I09.json,"content/items/stand-by/Jornada escolar, horario laboral y asignación académica/MTV_B31_I09.json",L041,LISTO_PARA_PILOTAJE | OMITIDO_POR_AUDITORIA_PREVIA,,auditoria/L021 | auditoria/L041,no,,content/items/beta-v1/pedagogia/MTV_B31_I09.json,"Ya auditado en L021; se conserva la trazabilidad previa y no se reprocesa en este lote. / La opcion A es la unica que explica la razon de fondo de no dejar al grupo sin supervision. Las otras opciones remiten a tramites ajenos, principios no pertinentes o delegaciones impropias."
MTV_B31_I11,PILOTAJE_V1_RESERVA,65,pedagogia,Finalidad pedagogica y administrativa,por_confirmar,funcional,content/restructuring-v1/docente/gestion/por_confirmar/funcional/MTV_B31_I11.json,"content/items/stand-by/Jornada escolar, horario laboral y asignación académica/MTV_B31_I11.json",L041,LISTO_PARA_PILOTAJE | OMITIDO_POR_AUDITORIA_PREVIA,,auditoria/L021 | auditoria/L041,no,,content/items/beta-v1/pedagogia/MTV_B31_I11.json,"Ya auditado en L021; se conserva la trazabilidad previa y no se reprocesa en este lote. / La opcion A es la unica que reconoce la organizacion del tiempo como funcion de gestion al servicio del proyecto educativo. Las otras convierten esa organizacion en control pedagogico, sustitucion curricular o concentracion indebida del poder."
MTV_B36_I02,PILOTAJE_V1_RESERVA,65,pedagogia,Uso disciplinar del entorno en estadistica,por_confirmar,funcional,content/restructuring-v1/docente/pedagogia/por_confirmar/funcional/,"content/items/stand-by/Contexto, currículo y práctica educativa/MTV_B36_I02.json",L005,LISTO_PARA_PILOTAJE,,auditoria/L005,no,,content/items/beta-v1/pedagogia/MTV_B36_I02.json,"La opcion A conserva la tarea disciplinar y usa el contexto como mediacion real para organizar, representar e interpretar datos. No reemplaza la estadistica por opinion ni reduce el contexto a un adorno inicial."
MTV_B36_I07,PILOTAJE_V1_RESERVA,65,pedagogia,Pertinencia cultural y sesgo de atribucion,por_confirmar,funcional,content/restructuring-v1/docente/pedagogia/por_confirmar/funcional/,"content/items/stand-by/Contexto, currículo y práctica educativa/MTV_B36_I07.json",L005,LISTO_PARA_PILOTAJE,,auditoria/L005,no,,content/items/beta-v1/pedagogia/MTV_B36_I07.json,"La opcion A identifica el problema central: el instrumento no es neutral cuando usa codigos culturalmente ajenos al grupo evaluado. Por eso, el resultado no puede interpretarse automaticamente como falta de capacidad."
NFL_B01_I05,PILOTAJE_V1_RESERVA,65,pedagogia,Reorientacion curricular ante desercion y convivencia,por_confirmar,funcional,content/restructuring-v1/docente/pedagogia/por_confirmar/funcional/NFL_B01_I05.json,"content/items/stand-by/Formación integral, fines de la educación y desarrollo de la personalidad/NFL_B01_I05.json",L017,LISTO_PARA_PILOTAJE,,auditoria/L017,no,,content/items/beta-v1/pedagogia/NFL_B01_I05.json,"La opcion correcta responde al problema como asunto curricular e institucional y no como simple falta disciplinaria, maquillaje estadistico o tercerizacion externa."
NFL_B07_I04,PILOTAJE_V1_RESERVA,65,pedagogia,garantia_real_de_permanencia,coordinador,funcional,content/restructuring-v1/docente/normatividad/coordinador/funcional/NFL_B07_I04.json,"content/items/stand-by/Educación como derecho fundamental, bien común y derecho pluridimensional/NFL_B07_I04.json",L075,LISTO_PARA_PILOTAJE,,auditoria/L013 | auditoria/L075,no,,content/items/beta-v1/pedagogia/NFL_B07_I04.json,"La clave es B porque el derecho a la educación se vulnera también cuando las barreras impiden permanecer y participar, aunque el estudiante figure como matriculado."
PPDC_B01_I01,PILOTAJE_V1_RESERVA,65,pedagogia,plan lector con una unica via de acceso,por_confirmar,funcional,content/restructuring-v1/docente/pedagogia/por_confirmar/funcional/PPDC_B01_I01.json,content/items/stand-by/Práctica pedagógica no homogeneizadora y diversidad/PPDC_B01_I01.json,L026,LISTO_PARA_PILOTAJE,,auditoria/L026,no,,content/items/beta-v1/pedagogia/PPDC_B01_I01.json,"La opcion A es la mas defendible porque ubica el problema en la homogeneizacion de los accesos y de la mediacion, no en el uso del libro o del taller en si mismos."
PPDC_B02_I01,PILOTAJE_V1_RESERVA,65,pedagogia,retroalimentacion constructiva y clima afectivo,por_confirmar,funcional,content/restructuring-v1/docente/pedagogia/por_confirmar/funcional/PPDC_B02_I01.json,content/items/stand-by/Manejo del error y clima afectivo/PPDC_B02_I01.json,L060,LISTO_PARA_PILOTAJE,,auditoria/L021 | auditoria/L060,no,,content/items/beta-v1/pedagogia/PPDC_B02_I01.json,"La opcion correcta usa el error como evidencia para indagar, contrastar y reconstruir el concepto, sin convertirlo en castigo ni en silencio pedagogico. / La opcion C es la unica que detiene la falsa disyuntiva entre rigor y cuidado, y usa el error como base de reconstruccion conceptual con mediacion docente."
PPDC_B02_I02,PILOTAJE_V1_RESERVA,65,pedagogia,seguridad psicologica y reestructuracion del razonamiento,por_confirmar,comportamental,content/restructuring-v1/docente/pedagogia/por_confirmar/funcional/PPDC_B02_I02.json,content/items/stand-by/Manejo del error y clima afectivo/PPDC_B02_I02.json,L060,LISTO_PARA_PILOTAJE,,auditoria/L021 | auditoria/L060,no,,content/items/beta-v1/pedagogia/PPDC_B02_I02.json,La respuesta correcta restaura la seguridad psicologica y a la vez convierte la equivocacion en evidencia de aprendizaje que puede trabajarse con mediacion docente. / La opcion B es la unica que actua simultaneamente sobre el dano relacional y sobre el valor pedagogico del error. Las otras cortan una de las dos dimensiones o ambas.
PPDC_B03_I01,PILOTAJE_V1_RESERVA,65,pedagogia,Indagacion cientifica con mediacion docente,por_confirmar,funcional,content/restructuring-v1/docente/pedagogia/por_confirmar/funcional/PPDC_B03_I01.json,"content/items/stand-by/Constructivismo, indagación y aprendizaje experimental/PPDC_B03_I01.json",L036,LISTO_PARA_PILOTAJE | OMITIDO_POR_AUDITORIA_PREVIA,,auditoria/L005 | auditoria/L036 | auditoria/L057 | auditoria/L061 | auditoria/L069,no,,content/items/beta-v1/pedagogia/PPDC_B03_I01.json,"Ya auditado en L005; se conserva la trazabilidad previa y no se reprocesa en este lote. / La respuesta correcta es A porque la indagacion constructivista parte de una pregunta autentica, activa saberes previos y organiza observacion, contraste y mediacion docente para construir explicaciones con sentido. / La opcion A convierte la curiosidad inicial en una secuencia de indagacion guiada con hipotesis, observacion y revision de ideas. No transmite la respuesta terminada ni confunde exploracion co"
CB14_I02,DESCARTE_TECNICO,-100,pedagogia,,por_confirmar,funcional,content/items/stand-by/Propósitos de la educación/CB14_I02.json,content/items/stand-by/Propósitos de la educación/CB14_I02.json,L075,DESCARTAR | LISTO_PARA_PILOTAJE,,auditoria/L025 | auditoria/L075,no,,content/restructuring-v1/00-beta-v1/remanufactura/CB14_I02.json,"El ítem formula una adhesión casi declarativa a proyectos transversales valiosos, pero con una clave demasiado obvia y sin suficiente tensión cognitiva para discriminar bien."
CEOL_B01_I01,DESCARTE_TECNICO,-100,pedagogia,,por_confirmar,funcional,"content/items/stand-by/Sistema Nacional de Convivencia Escolar, Ruta de Atención y tipificación de situaciones/CEOL_B01_I01.json","content/items/stand-by/Sistema Nacional de Convivencia Escolar, Ruta de Atención y tipificación de situaciones/CEOL_B01_I01.json",L058,DESCARTAR,,auditoria/L028 | auditoria/L058 | auditoria/L068 | auditoria/L081,no,,content/restructuring-v1/00-beta-v1/remanufactura/CEOL_B01_I01.json,Memoria legal plana de ejes normativos sin ruta situada. / Pregunta de memoria literal sobre ejes del Sistema Nacional de Convivencia Escolar; no exige lectura situada de ruta ni decision profesional observable.
CEOL_B01_I02,DESCARTE_TECNICO,-100,pedagogia,,por_confirmar,funcional,"content/items/stand-by/Sistema Nacional de Convivencia Escolar, Ruta de Atención y tipificación de situaciones/CEOL_B01_I02.json","content/items/stand-by/Sistema Nacional de Convivencia Escolar, Ruta de Atención y tipificación de situaciones/CEOL_B01_I02.json",L058,DESCARTAR,,auditoria/L028 | auditoria/L058 | auditoria/L068 | auditoria/L081,no,,content/restructuring-v1/00-beta-v1/remanufactura/CEOL_B01_I02.json,Origen de la ley preguntado con contexto decorativo y sin decisión profesional observable. / Usa contexto escolar para preguntar el origen de la ley; el contexto no altera la tarea y la discriminacion potencial es baja.
CEOL_B01_I03,DESCARTE_TECNICO,-100,pedagogia,,por_confirmar,funcional,"content/items/stand-by/Sistema Nacional de Convivencia Escolar, Ruta de Atención y tipificación de situaciones/CEOL_B01_I03.json","content/items/stand-by/Sistema Nacional de Convivencia Escolar, Ruta de Atención y tipificación de situaciones/CEOL_B01_I03.json",L058,DESCARTAR,,auditoria/L028 | auditoria/L058 | auditoria/L068 | auditoria/L081,no,,content/restructuring-v1/00-beta-v1/remanufactura/CEOL_B01_I03.json,Recuerdo de componentes de la ruta sin convivencia aplicada ni proporcionalidad situada. / Reduce la Ruta de Atencion a recuerdo de componentes y no a decision situada frente a un caso.
CEOL_B01_I04,DESCARTE_TECNICO,-100,pedagogia,,por_confirmar,funcional,"content/items/stand-by/Sistema Nacional de Convivencia Escolar, Ruta de Atención y tipificación de situaciones/CEOL_B01_I04.json","content/items/stand-by/Sistema Nacional de Convivencia Escolar, Ruta de Atención y tipificación de situaciones/CEOL_B01_I04.json",L058,DESCARTAR,,auditoria/L028 | auditoria/L058 | auditoria/L068 | auditoria/L081,no,,content/restructuring-v1/00-beta-v1/remanufactura/CEOL_B01_I04.json,Clasificación memorística de niveles del sistema con baja dificultad auténtica. / Pregunta solo la jerarquia del sistema; es clasificacion memoristica con poco valor para el banco.
CEOL_B02_I02,DESCARTE_TECNICO,-100,pedagogia,,por_confirmar,funcional,"content/items/stand-by/Enfoque de derechos, debido proceso y justicia restaurativa/CEOL_B02_I02.json","content/items/stand-by/Enfoque de derechos, debido proceso y justicia restaurativa/CEOL_B02_I02.json",L013-A,DESCARTAR,,auditoria/L013 | auditoria/L068 | auditoria/L078,no,,content/restructuring-v1/00-beta-v1/remanufactura/CEOL_B02_I02.json,Se queda en una interpretación general de sujetos de derechos con distractores demasiado obvios; no exige juicio profesional situado ni discrimina bien. / Pregunta definicional sobre sujeto de derechos; no exige actuación profesional observable.
CEOL_B02_I03,DESCARTE_TECNICO,-100,pedagogia,,por_confirmar,funcional,"content/items/stand-by/Enfoque de derechos, debido proceso y justicia restaurativa/CEOL_B02_I03.json","content/items/stand-by/Enfoque de derechos, debido proceso y justicia restaurativa/CEOL_B02_I03.json",L013-A,DESCARTAR,,auditoria/L013 | auditoria/L068 | auditoria/L078,no,,content/restructuring-v1/00-beta-v1/remanufactura/CEOL_B02_I03.json,La clave depende de recordar la prevalencia constitucional de los derechos de NNA; el caso no añade una decisión escolar suficientemente exigente. / Depende de memoria constitucional y baja discriminación en contexto escolar situado.
CEOL_B04_I01,DESCARTE_TECNICO,-100,pedagogia,,por_confirmar,funcional,"content/items/stand-by/Corresponsabilidad, entorno y cuidado institucional/CEOL_B04_I01.json","content/items/stand-by/Corresponsabilidad, entorno y cuidado institucional/CEOL_B04_I01.json",L006-A,DESCARTAR,,auditoria/L006,no,,content/restructuring-v1/00-beta-v1/remanufactura/CEOL_B04_I01.json,Memoria normativa casi literal sobre los tres actores corresponsables. El contexto no cambia la tarea real y los distractores son demasiado débiles para sostener valor psicométrico.
CEOL_B05_I01,DESCARTE_TECNICO,-100,pedagogia,,por_confirmar,funcional,"content/items/stand-by/PEI, currículo oficial y Manual de Convivencia/CEOL_B05_I01.json","content/items/stand-by/PEI, currículo oficial y Manual de Convivencia/CEOL_B05_I01.json",L024,DESCARTAR,,auditoria/L024 | auditoria/L059 | auditoria/L066 | auditoria/L077,no,,content/restructuring-v1/00-beta-v1/remanufactura/CEOL_B05_I01.json,Pregunta definicion de curriculo oficial frente a curriculo oculto y nulo. El contexto institucional es decorativo y no exige articulacion situada. / El item solo pide distinguir curriculo oficial de curriculo oculto y nulo. El contexto institucional no cambia la tarea y la respuesta depende de memoria conceptual plana. / Taxonomía curricular plana sin lectura institucional situada. / Pregunta de clasificación doctrinal sobre currículo oficial frente a currículo oculto y nulo. El contexto no obl
CEOL_B05_I02,DESCARTE_TECNICO,-100,pedagogia,,por_confirmar,funcional,"content/items/stand-by/PEI, currículo oficial y Manual de Convivencia/CEOL_B05_I02.json","content/items/stand-by/PEI, currículo oficial y Manual de Convivencia/CEOL_B05_I02.json",L024,DESCARTAR,,auditoria/L024 | auditoria/L059 | auditoria/L066 | auditoria/L077,no,,content/restructuring-v1/00-beta-v1/remanufactura/CEOL_B05_I02.json,"La tarea real es recordar la relacion jerarquica entre PEI y Manual de Convivencia, no resolver una decision institucional observable. / Se disfraza de articulacion institucional, pero la tarea real es recordar la diferencia jerarquica entre PEI y Manual de Convivencia. Baja discriminacion y distractores obvios. / Jerarquía documental preguntada como memoria conceptual con contexto decorativo. / El enunciado aparenta lectura institucional, pero la operación mental central es recordar la jerarquí"
CEOL_B05_I03,DESCARTE_TECNICO,-100,pedagogia,,por_confirmar,funcional,"content/items/stand-by/PEI, currículo oficial y Manual de Convivencia/CEOL_B05_I03.json","content/items/stand-by/PEI, currículo oficial y Manual de Convivencia/CEOL_B05_I03.json",L024,DESCARTAR,,auditoria/L024 | auditoria/L059 | auditoria/L066 | auditoria/L077,no,,content/restructuring-v1/00-beta-v1/remanufactura/CEOL_B05_I03.json,"Item taxonomico sobre funcion estructural de PEI, curriculo y manual. Los distractores son conceptuales, no errores institucionales plausibles. / Reduce la relacion entre PEI, curriculo y manual a taxonomia estructural. No exige decision institucional concreta ni lectura situada del funcionamiento escolar. / Relación PEI-currículo-manual convertida en taxonomía funcional memorística, sin decisión observable. / Reduce la relación PEI-currículo-manual a una taxonomía de funciones. No exige resolve"
CEOL_B06_I01,DESCARTE_TECNICO,-100,pedagogia,,por_confirmar,funcional,"content/items/stand-by/Evaluación formativa, mejora continua y lenguaje evaluativo/CEOL_B06_I01.json","content/items/stand-by/Evaluación formativa, mejora continua y lenguaje evaluativo/CEOL_B06_I01.json",L015,DESCARTAR,,auditoria/L015 | auditoria/L073 | auditoria/L074,no,,content/restructuring-v1/00-beta-v1/remanufactura/CEOL_B06_I01.json,"Es una pregunta definicional sobre el rasgo general de la evaluación formativa; no exige resolución pedagógica situada ni uso real de evidencia para mejorar el aprendizaje. / La respuesta correcta depende de un reconocimiento definicional de evaluación formativa y no de una decisión basada en evidencia. / Formula la evaluacion formativa como definicion correcta frente a distractores muy previsibles. No pide usar evidencia, ni retroalimentacion, ni reajuste didactico en una situacion profesional "
CEOL_B06_I02,DESCARTE_TECNICO,-100,pedagogia,,por_confirmar,funcional,"content/items/stand-by/Evaluación formativa, mejora continua y lenguaje evaluativo/CEOL_B06_I02.json","content/items/stand-by/Evaluación formativa, mejora continua y lenguaje evaluativo/CEOL_B06_I02.json",L015,DESCARTAR,,auditoria/L015 | auditoria/L073 | auditoria/L074,no,,content/restructuring-v1/00-beta-v1/remanufactura/CEOL_B06_I02.json,"Se centra en el objetivo general de evaluar por competencias y no en evaluación formativa como uso de evidencia; queda demasiado conceptual para el foco del lote. / Se mueve en generalidades sobre competencias y mejora, con pseudoanálisis y bajo valor de discriminación para el banco. / Se limita a preguntar el objetivo general de evaluar por competencias. La clave se reconoce por discurso oficial y los distractores no representan errores finos de interpretacion evaluativa."
CEOL_B07_I03,DESCARTE_TECNICO,-100,pedagogia,,por_confirmar,funcional,"content/items/stand-by/Ideas previas, conflicto cognitivo y desarrollo constructivista/CEOL_B07_I03.json","content/items/stand-by/Ideas previas, conflicto cognitivo y desarrollo constructivista/CEOL_B07_I03.json",L018,DESCARTAR,,auditoria/L018,no,,content/restructuring-v1/00-beta-v1/remanufactura/CEOL_B07_I03.json,Pseudoanalisis basado en definicion epistemologica del constructivismo. El item no exige accion docente observable y sus distractores son caricaturescos.
CEOL_B07_I04,DESCARTE_TECNICO,-100,pedagogia,,por_confirmar,funcional,"content/items/stand-by/Ideas previas, conflicto cognitivo y desarrollo constructivista/CEOL_B07_I04.json","content/items/stand-by/Ideas previas, conflicto cognitivo y desarrollo constructivista/CEOL_B07_I04.json",L018,DESCARTAR,,auditoria/L018,no,,content/restructuring-v1/00-beta-v1/remanufactura/CEOL_B07_I04.json,El contexto es decorativo y la tarea real es reconocer la formulacion teorica correcta sobre asimilacion. No aporta evidencia aplicable al rol docente.
CEOL_B07_I05,DESCARTE_TECNICO,-100,pedagogia,,por_confirmar,funcional,"content/items/stand-by/Ideas previas, conflicto cognitivo y desarrollo constructivista/CEOL_B07_I05.json","content/items/stand-by/Ideas previas, conflicto cognitivo y desarrollo constructivista/CEOL_B07_I05.json",L018,DESCARTAR,,auditoria/L018,no,,content/restructuring-v1/00-beta-v1/remanufactura/CEOL_B07_I05.json,"Recuerda la relacion entre conflicto cognitivo, desequilibrio y acomodacion, pero no observa una decision pedagogica ni ofrece distractores con fuerza discriminativa suficiente."
CEOL_B07_I06,DESCARTE_TECNICO,-100,pedagogia,,por_confirmar,funcional,"content/items/stand-by/Ideas previas, conflicto cognitivo y desarrollo constructivista/CEOL_B07_I06.json","content/items/stand-by/Ideas previas, conflicto cognitivo y desarrollo constructivista/CEOL_B07_I06.json",L018,DESCARTAR,,auditoria/L018,no,,content/restructuring-v1/00-beta-v1/remanufactura/CEOL_B07_I06.json,"Mide definicion de equilibrio cognitivo y saber hacer en contexto mediante opciones obvias, sin convertir el concepto en accion docente observable."
CEOL_B08_I02,DESCARTE_TECNICO,-100,pedagogia,,por_confirmar,funcional,"content/items/stand-by/Enseñar, formar, motivación didáctica y competencias socioemocionales/CEOL_B08_I02.json","content/items/stand-by/Enseñar, formar, motivación didáctica y competencias socioemocionales/CEOL_B08_I02.json",L014,DESCARTAR,,auditoria/L014,no,,content/restructuring-v1/00-beta-v1/remanufactura/CEOL_B08_I02.json,Pregunta una definicion de enseñar por competencias y no una comparacion didactica fina con accion observable.
CEOL_B08_I03,DESCARTE_TECNICO,-100,pedagogia,,por_confirmar,funcional,"content/items/stand-by/Enseñar, formar, motivación didáctica y competencias socioemocionales/CEOL_B08_I03.json","content/items/stand-by/Enseñar, formar, motivación didáctica y competencias socioemocionales/CEOL_B08_I03.json",L014,DESCARTAR,,auditoria/L014,no,,content/restructuring-v1/00-beta-v1/remanufactura/CEOL_B08_I03.json,Se apoya en un lugar comun sobre formacion integral y distractores moralmente demasiado obvios.
CEOL_B08_I05,DESCARTE_TECNICO,-100,pedagogia,,por_confirmar,funcional,"content/items/stand-by/Enseñar, formar, motivación didáctica y competencias socioemocionales/CEOL_B08_I05.json","content/items/stand-by/Enseñar, formar, motivación didáctica y competencias socioemocionales/CEOL_B08_I05.json",L014,DESCARTAR,,auditoria/L014,no,,content/restructuring-v1/00-beta-v1/remanufactura/CEOL_B08_I05.json,La clave depende de clasificacion normativa plana sobre competencias comportamentales segun una guia; no hay accion docente observable.
DIL_B01_I01,DESCARTE_TECNICO,-100,pedagogia,,por_confirmar,basica,"content/items/stand-by/Corresponsabilidad, protección integral y sujetos de derechos/DIL_B01_I01.json","content/items/stand-by/Corresponsabilidad, protección integral y sujetos de derechos/DIL_B01_I01.json",L029,DESCARTAR | OMITIDO_POR_AUDITORIA_PREVIA,,auditoria/L006 | auditoria/L029 | auditoria/L053,no,,content/restructuring-v1/00-beta-v1/remanufactura/DIL_B01_I01.json,"La clave depende del recuerdo directo del nombre del principio y el contexto no añade una decisión profesional observable. / Pregunta por el nombre del principio jurídico de la Ley 1098. La tarea es nominal, el contexto no agrega decisión real y los distractores son de relleno. / Ítem ya auditado en L029 con decisión DESCARTAR; no se reprocesa."
DIL_B01_I02,DESCARTE_TECNICO,-100,pedagogia,,por_confirmar,basica,"content/items/stand-by/Corresponsabilidad, protección integral y sujetos de derechos/DIL_B01_I02.json","content/items/stand-by/Corresponsabilidad, protección integral y sujetos de derechos/DIL_B01_I02.json",L029,DESCARTAR | OMITIDO_POR_AUDITORIA_PREVIA,,auditoria/L006 | auditoria/L029 | auditoria/L053,no,,content/restructuring-v1/00-beta-v1/remanufactura/DIL_B01_I02.json,Pregunta memorística sobre los tres corresponsables; no exige juicio institucional ni genera evidencia útil para el banco. / Ítem redundante y casi textual sobre la tríada familia-sociedad-Estado. Valor psicométrico bajo y solapamiento con otros del mismo bloque. / Ítem ya auditado en L029 con decisión DESCARTAR; no se reprocesa.
DIL_B01_I04,DESCARTE_TECNICO,-100,pedagogia,,por_confirmar,basica,"content/items/stand-by/Corresponsabilidad, protección integral y sujetos de derechos/DIL_B01_I04.json","content/items/stand-by/Corresponsabilidad, protección integral y sujetos de derechos/DIL_B01_I04.json",L029,DESCARTAR | OMITIDO_POR_AUDITORIA_PREVIA,,auditoria/L006 | auditoria/L029 | auditoria/L053,no,,content/restructuring-v1/00-beta-v1/remanufactura/DIL_B01_I04.json,Se queda en definición general de sujetos de derechos y no convierte el contexto en una actuación pedagógica o institucional observable. / Definición declarativa de sujetos titulares de derechos con distractores poco plausibles. La tarea es conceptual básica y no aporta suficiente evidencia de juicio o aplicación. / Ítem ya auditado en L029 con decisión DESCARTAR; no se reprocesa.
DIL_B01_I05,DESCARTE_TECNICO,-100,pedagogia,,por_confirmar,basica,"content/items/stand-by/Corresponsabilidad, protección integral y sujetos de derechos/DIL_B01_I05.json","content/items/stand-by/Corresponsabilidad, protección integral y sujetos de derechos/DIL_B01_I05.json",L029,DESCARTAR | OMITIDO_POR_AUDITORIA_PREVIA,,auditoria/L006 | auditoria/L029 | auditoria/L053,no,,content/restructuring-v1/00-beta-v1/remanufactura/DIL_B01_I05.json,Duplica el foco memorístico de DIL_B01_I02 y no aporta mejor discriminación ni mayor valor de banco. / Duplica el foco de memoria normativa sobre la corresponsabilidad y repite la misma tríada de actores con poca novedad evaluativa. / Ítem ya auditado en L029 con decisión DESCARTAR; no se reprocesa.
DIL_B02_I01,DESCARTE_TECNICO,-100,pedagogia,Concepto básico del procedimiento,orientador,funcional,content/restructuring-v1/docente/normatividad/orientador/basica/DIL_B02_I01.json,content/items/stand-by/PARD y restablecimiento de derechos/DIL_B02_I01.json,L023,DESCARTAR | LISTO_PARA_PILOTAJE,,auditoria/L001 | auditoria/L023 | auditoria/L064,no,,content/restructuring-v1/00-beta-v1/remanufactura/DIL_B02_I01.json,"Pregunta por la expansion de la sigla PARD y su definicion general, lo que la convierte en memoria legal plana de baja utilidad para el banco. / PARD nombra el procedimiento administrativo de protección orientado a restablecer derechos vulnerados o amenazados de niños, niñas y adolescentes."
DIL_B02_I05,DESCARTE_TECNICO,-100,pedagogia,,por_confirmar,funcional,content/items/stand-by/PARD y restablecimiento de derechos/DIL_B02_I05.json,content/items/stand-by/PARD y restablecimiento de derechos/DIL_B02_I05.json,L023,DESCARTAR,,auditoria/L023 | auditoria/L064,no,,content/restructuring-v1/00-beta-v1/remanufactura/DIL_B02_I05.json,La pregunta termina evaluando la definicion del hogar sustituto como medida provisional y no una decision situada de proteccion o una actuacion institucional concreta.
DIL_B04_I02,DESCARTE_TECNICO,-100,pedagogia,,por_confirmar,funcional,"content/items/stand-by/Responsabilidad legal escolar, riesgos y prohibición de tratos degradantes/DIL_B04_I02.json","content/items/stand-by/Responsabilidad legal escolar, riesgos y prohibición de tratos degradantes/DIL_B04_I02.json",L081,DESCARTAR,,auditoria/L027 | auditoria/L068 | auditoria/L078 | auditoria/L081,no,,content/restructuring-v1/00-beta-v1/remanufactura/DIL_B04_I02.json,"Se resuelve por recuerdo del principio de prohibición de tratos degradantes y no por actuación escolar situada. / El item pregunta por el principio constitucional o legal que fundamenta la prohibicion de tratos degradantes y se resuelve por memoria normativa, no por actuacion escolar situada."
DIL_B06_I01,DESCARTE_TECNICO,-100,pedagogia,,preescolar,funcional,content/restructuring-v1/docente/competencias_ciudadanas/preescolar/funcional/DIL_B06_I01.json,"content/items/stand-by/Participación infantil, agencia y Convención sobre los Derechos del Niño/DIL_B06_I01.json",L024,DESCARTAR | OMITIDO_POR_AUDITORIA_PREVIA,,auditoria/L024 | auditoria/L053,no,,content/restructuring-v1/00-beta-v1/remanufactura/DIL_B06_I01.json,La clave depende de recordar literalmente el Articulo 12 de la Convencion sobre los Derechos del Nino. Predomina memoria normativa declarativa. / Ítem ya auditado en L024 y registrado como omitido en L042; no se reprocesa.
DIL_B08_I01,DESCARTE_TECNICO,-100,pedagogia,,por_confirmar,funcional,content/items/stand-by/Aptitud numérica: porcentajes y proporcionalidad/DIL_B08_I01.json,content/items/stand-by/Aptitud numérica: porcentajes y proporcionalidad/DIL_B08_I01.json,L030,DESCARTAR,,auditoria/L030,no,,content/restructuring-v1/00-beta-v1/remanufactura/DIL_B08_I01.json,"El archivo aparece en el arbol web de GitHub, pero no fue recuperable por la API de contenidos ni por URL directa. Sin acceso al contenido no se puede validar clave, dificultad ni valor para el banco."
DIL_B08_I02,DESCARTE_TECNICO,-100,pedagogia,,por_confirmar,funcional,content/items/stand-by/Aptitud numérica: porcentajes y proporcionalidad/DIL_B08_I02.json,content/items/stand-by/Aptitud numérica: porcentajes y proporcionalidad/DIL_B08_I02.json,L030,DESCARTAR,,auditoria/L030,no,,content/restructuring-v1/00-beta-v1/remanufactura/DIL_B08_I02.json,"El archivo aparece en el arbol web de GitHub, pero no fue recuperable por la API de contenidos ni por URL directa. Sin acceso al contenido no se puede validar clave, dificultad ni valor para el banco."
DIL_B08_I03,DESCARTE_TECNICO,-100,pedagogia,,por_confirmar,funcional,content/items/stand-by/Aptitud numérica: porcentajes y proporcionalidad/DIL_B08_I03.json,content/items/stand-by/Aptitud numérica: porcentajes y proporcionalidad/DIL_B08_I03.json,L030,DESCARTAR,,auditoria/L030,no,,content/restructuring-v1/00-beta-v1/remanufactura/DIL_B08_I03.json,"El archivo aparece en el arbol web de GitHub, pero no fue recuperable por la API de contenidos ni por URL directa. Sin acceso al contenido no se puede validar clave, dificultad ni valor para el banco."
EFCC_B01_I03,DESCARTE_TECNICO,-100,pedagogia,,por_confirmar,funcional,"content/items/stand-by/Evaluación technicista, punitiva y formativa/EFCC_B01_I03.json","content/items/stand-by/Evaluación technicista, punitiva y formativa/EFCC_B01_I03.json",L054,DESCARTAR | OMITIDO_POR_AUDITORIA_PREVIA,,auditoria/L016 | auditoria/L054,no,,content/restructuring-v1/00-beta-v1/remanufactura/EFCC_B01_I03.json,La pregunta termina pidiendo la definición funcional de evaluación procesual formativa; el contraste entre opciones es demasiado evidente y la tarea no exige una decisión situada real.
EFCC_B02_I01,DESCARTE_TECNICO,-100,pedagogia,,por_confirmar,funcional,"content/items/stand-by/Criterios, instrumentos y tipos de evaluacion/EFCC_B02_I01.json","content/items/stand-by/Criterios, instrumentos y tipos de evaluacion/EFCC_B02_I01.json",L007,DESCARTAR,,auditoria/L007,no,,content/restructuring-v1/00-beta-v1/remanufactura/EFCC_B02_I01.json,Pseudoanalisis con contexto decorativo; la clave se reconoce por memoria conceptual y los distractores son caricaturescos.
EFCC_B02_I02,DESCARTE_TECNICO,-100,pedagogia,,por_confirmar,funcional,"content/items/stand-by/Criterios, instrumentos y tipos de evaluacion/EFCC_B02_I02.json","content/items/stand-by/Criterios, instrumentos y tipos de evaluacion/EFCC_B02_I02.json",L007,DESCARTAR,,auditoria/L007,no,,content/restructuring-v1/00-beta-v1/remanufactura/EFCC_B02_I02.json,Depende de memoria literal sobre criterios e instrumentos de evaluacion; la discriminacion esperable es baja por opciones obvias.
EFCC_B02_I03,DESCARTE_TECNICO,-100,pedagogia,,por_confirmar,funcional,"content/items/stand-by/Criterios, instrumentos y tipos de evaluacion/EFCC_B02_I03.json","content/items/stand-by/Criterios, instrumentos y tipos de evaluacion/EFCC_B02_I03.json",L007,DESCARTAR,,auditoria/L007,no,,content/restructuring-v1/00-beta-v1/remanufactura/EFCC_B02_I03.json,Se resuelve por reconocimiento terminologico y no por juicio pedagogico; presenta distractores debiles y dificultad artificial.
EFCC_B02_I04,DESCARTE_TECNICO,-100,pedagogia,,por_confirmar,funcional,"content/items/stand-by/Criterios, instrumentos y tipos de evaluacion/EFCC_B02_I04.json","content/items/stand-by/Criterios, instrumentos y tipos de evaluacion/EFCC_B02_I04.json",L007,DESCARTAR,,auditoria/L007,no,,content/restructuring-v1/00-beta-v1/remanufactura/EFCC_B02_I04.json,La ruta fuente no resolvio en la rama master y no fue posible auditar ni corregir el item con trazabilidad suficiente.
EFCC_B06_I04,DESCARTE_TECNICO,-100,pedagogia,,por_confirmar,funcional,"content/items/stand-by/Evaluación cualitativa, formativa y participativa/EFCC_B06_I04.json","content/items/stand-by/Evaluación cualitativa, formativa y participativa/EFCC_B06_I04.json",L054,DESCARTAR | OMITIDO_POR_AUDITORIA_PREVIA,,auditoria/L015 | auditoria/L054 | auditoria/L074,no,,content/restructuring-v1/00-beta-v1/remanufactura/EFCC_B06_I04.json,"Se reduce a nombrar autoevaluación, coevaluación y heteroevaluación; el contexto es decorativo, la clave es obvia y no exige una decisión pedagógica real. / El ítem deriva hacia clasificación evaluativa y deja la acción pedagógica en segundo plano; el contexto no aporta evidencia real."
EIP_B01_I01,DESCARTE_TECNICO,-100,pedagogia,proyectos_pedagogicos,por_confirmar,funcional,content/items/pedagogia/EIP_B01_I01.json,content/items/stand-by/Currículo obligatorio y proyectos pedagógicos transversales/EIP_B01_I01.json,L008,BANCO_OPERACIONAL | DESCARTAR | Listo para el banco,,auditoria/L008 | content/items | content/items/_banco-operacional.csv,si,clave_ok | justificacion_ok | opciones_ok,content/restructuring-v1/00-beta-v1/remanufactura/EIP_B01_I01.json,La clave depende del recuerdo textual del artículo 14 de la Ley 115 y premia memoria normativa literal más que comprensión o decisión curricular.
EIP_B02_I02,DESCARTE_TECNICO,-100,pedagogia,,por_confirmar,funcional,content/items/stand-by/Marco legal del preescolar y organización del nivel/EIP_B02_I02.json,content/items/stand-by/Marco legal del preescolar y organización del nivel/EIP_B02_I02.json,L022,DESCARTAR,,auditoria/L022,no,,content/restructuring-v1/00-beta-v1/remanufactura/EIP_B02_I02.json,El ítem se reduce a recordar los grados del nivel preescolar y cuál es obligatorio. No produce evidencia de decisión pedagógica o institucional.
EIP_B02_I03,DESCARTE_TECNICO,-100,pedagogia,,por_confirmar,funcional,content/items/stand-by/Marco legal del preescolar y organización del nivel/EIP_B02_I03.json,content/items/stand-by/Marco legal del preescolar y organización del nivel/EIP_B02_I03.json,L022,DESCARTAR,,auditoria/L022,no,,content/restructuring-v1/00-beta-v1/remanufactura/EIP_B02_I03.json,"Aunque presenta un caso, la respuesta depende de recuperar literalmente los principios normativos del nivel, con baja discriminación esperada."
EIP_B03_I01,DESCARTE_TECNICO,-100,pedagogia,,por_confirmar,funcional,content/items/stand-by/Desarrollo integral en preescolar - cinco dimensiones/EIP_B03_I01.json,content/items/stand-by/Desarrollo integral en preescolar - cinco dimensiones/EIP_B03_I01.json,L010-A,DESCARTAR,,auditoria/L010,no,,content/restructuring-v1/00-beta-v1/remanufactura/EIP_B03_I01.json,"Depende del recuerdo literal de la lista del artículo 15 de la Ley 115 y reduce el desarrollo integral a nomenclatura normativa, justo el riesgo que este lote debía evitar."
EIP_B04_I01,DESCARTE_TECNICO,-100,pedagogia,Reconocimiento del cuerpo,preescolar,funcional,content/restructuring-v1/docente/pedagogia/preescolar/basica/EIP_B04_I01.json,"content/items/stand-by/Identidad, autonomía y reconocimiento del cuerpo/EIP_B04_I01.json",L001,DESCARTAR | LISTO_PARA_PILOTAJE,,auditoria/L001 | auditoria/L019,no,,content/restructuring-v1/00-beta-v1/remanufactura/EIP_B04_I01.json,"La secuencia promueve autoconocimiento, aceptación corporal, identidad y autonomía, todos ejes centrales del nivel preescolar. / El contexto no compensa que la respuesta dependa del reconocimiento casi textual del objetivo legal y de distractores muy débiles, por lo que aporta poca evidencia sobre decisión pedagógica real."
GA02_B05_I01,DESCARTE_TECNICO,-100,pedagogia,,por_confirmar,funcional,content/items/stand-by/Concepto y tipos de currículo/GA02_B05_I01_concepto_curriculo.json,content/items/stand-by/Concepto y tipos de currículo/GA02_B05_I01_concepto_curriculo.json,L032,DESCARTAR,,auditoria/L032 | auditoria/L059 | auditoria/L066,no,,content/restructuring-v1/00-beta-v1/remanufactura/GA02_B05_I01.json,Mide recuerdo definicional del concepto legal de curriculo y no exige interpretacion institucional ni decision pedagogica observable. / Definición legal de currículo sin aplicación institucional ni mediación docente observable. / Mide definición literal de currículo educativo con base en Ley 115. La dificultad es baja y el valor funcional para perfil docente es insuficiente.
GA02_B05_I02,DESCARTE_TECNICO,-100,pedagogia,,por_confirmar,funcional,content/items/stand-by/Concepto y tipos de currículo/GA02_B05_I02_curriculo_oficial.json,content/items/stand-by/Concepto y tipos de currículo/GA02_B05_I02_curriculo_oficial.json,L032,DESCARTAR,,auditoria/L032 | auditoria/L059 | auditoria/L066,no,,content/restructuring-v1/00-beta-v1/remanufactura/GA02_B05_I02.json,"Se resuelve por reconocimiento del nombre tecnico de curriculo oficial y no agrega valor frente a versiones curriculares mas fuertes ya auditadas. / Reconocimiento doctrinal del currículo oficial sin tarea profesional auténtica. / Pseudoaplicación: pese al contexto institucional, la tarea sigue siendo distinguir currículo oficial como categoría documental, sin una decisión curricular situada."
GA02_B05_I03,DESCARTE_TECNICO,-100,pedagogia,,por_confirmar,funcional,content/items/stand-by/Concepto y tipos de currículo/GA02_B05_I03_curriculo_oculto.json,content/items/stand-by/Concepto y tipos de currículo/GA02_B05_I03_curriculo_oculto.json,L032,DESCARTAR,,auditoria/L032 | auditoria/L059 | auditoria/L066,no,,content/restructuring-v1/00-beta-v1/remanufactura/GA02_B05_I03.json,"Aunque usa caso escolar, la tarea real es poner etiqueta al concepto y duplica una version mas fuerte ya auditada sobre curriculo oculto. / Nombrar currículo oculto como etiqueta no aporta lectura curricular situada ni toma de decisiones. / El caso de aula desemboca en nombrar el currículo oculto. La respuesta correcta depende de taxonomía conceptual y no de juicio pedagógico fino o lectura institucional útil."
GA02_B05_I04,DESCARTE_TECNICO,-100,pedagogia,,por_confirmar,funcional,content/items/stand-by/Concepto y tipos de currículo/GA02_B05_I04_curriculo_nulo.json,content/items/stand-by/Concepto y tipos de currículo/GA02_B05_I04_curriculo_nulo.json,L032,DESCARTAR,,auditoria/L032 | auditoria/L059 | auditoria/L066,no,,content/restructuring-v1/00-beta-v1/remanufactura/GA02_B05_I04.json,"Es una version mas debil y taxonomica del curriculo nulo, ya cubierta por un item previo con mejor lectura aplicada. / Identificación de currículo nulo por definición extensa sin valor docente auténtico. / Se limita a identificar el currículo nulo a partir de una definición extensa. No mide toma de decisiones curriculares, coherencia PEI-currículo ni actuación docente real."
GA02_B08,DESCARTE_TECNICO,-100,pedagogia,,por_confirmar,funcional,content/items/stand-by/Normatividad y fines de la educación/GA02_B08.json,content/items/stand-by/Normatividad y fines de la educación/GA02_B08.json,L023,DESCARTAR,,auditoria/L023 | auditoria/L075,no,,content/restructuring-v1/00-beta-v1/remanufactura/GA02_B08.json,"El archivo aparecio listado en GitHub, pero no fue recuperable por la API de contenidos ni por URL directa durante esta auditoria. Sin acceso al contenido no es posible verificar clave, trazabilidad ni calidad psicometrica."
IDD_B01_I02,DESCARTE_TECNICO,-100,pedagogia,Mediacion docente frente a expresion discriminatoria naturalizada,por_confirmar,comportamental,content/restructuring-v1/docente/competencias_ciudadanas/por_confirmar/comportamental/IDD_B01_I02.json,"content/items/stand-by/Sesgos culturales, lenguaje inclusivo y discriminación cotidiana/IDD_B01_I02.json",L060,DESCARTAR | LISTO_PARA_PILOTAJE,,auditoria/L027 | auditoria/L060,no,,content/restructuring-v1/00-beta-v1/remanufactura/IDD_B01_I02.json,"La mejor intervencion es demasiado evidente y las alternativas restantes caen en omision o pseudoempatia punitiva. / La opcion correcta trabaja el sesgo como oportunidad de aprendizaje, no como falta moral a castigar ni como asunto a omitir. Invita a observar, contrastar y reconstruir el lenguaje usado por el grupo."
IDD_B01_I03,DESCARTE_TECNICO,-100,pedagogia,Mediación docente frente a lenguaje estigmatizante,por_confirmar,comportamental,content/restructuring-v1/docente/competencias_ciudadanas/por_confirmar/comportamental/IDD_B01_I03.json,"content/items/stand-by/Sesgos culturales, lenguaje inclusivo y discriminación cotidiana/IDD_B01_I03.json",L060,DESCARTAR | LISTO_PARA_PILOTAJE,,auditoria/L046 | auditoria/L060,no,,content/restructuring-v1/00-beta-v1/remanufactura/IDD_B01_I03.json,"Predomina la adhesión discursiva a lenguaje de derechos; la tarea se resuelve por vocabulario normativo y no por juicio pedagógico fino. / La opción B es la más sólida porque corrige el lenguaje de forma profesional y pedagógica, explicita el impacto del término en la dignidad y evita que la conversación siga organizada alrededor del déficit. Además, reconduce la discusión hacia decisiones institucionales observables sobre participación y apoyos."
IDD_B01_I04,DESCARTE_TECNICO,-100,pedagogia,,por_confirmar,funcional,"content/items/stand-by/Sesgos culturales, lenguaje inclusivo y discriminación cotidiana/IDD_B01_I04.json","content/items/stand-by/Sesgos culturales, lenguaje inclusivo y discriminación cotidiana/IDD_B01_I04.json",L060,DESCARTAR,,auditoria/L060,no,,content/restructuring-v1/00-beta-v1/remanufactura/IDD_B01_I04.json,La clave conceptual del conflicto cognitivo es visible y los distractores no modelan errores docentes suficientemente plausibles.
IDD_B04_I01,DESCARTE_TECNICO,-100,pedagogia,,por_confirmar,funcional,"content/items/stand-by/DUA, PIAR y ajustes razonables/IDD_B04_I01.json","content/items/stand-by/DUA, PIAR y ajustes razonables/IDD_B04_I01.json",L038,DESCARTAR | LISTO_PARA_PILOTAJE,,auditoria/L038 | fase-5/pilotaje,no,,content/restructuring-v1/00-beta-v1/remanufactura/IDD_B04_I01.json,"Puede salvarse tras corregir consistencia interna. / El nucleo de la tarea es distinguir definicionalmente DUA y PIAR. Aunque hay contexto, la evidencia real sigue siendo reconocimiento textual del concepto correcto y no una decision pedagogica observable."
IDD_B06_I03,DESCARTE_TECNICO,-100,pedagogia,,por_confirmar,funcional,content/items/stand-by/Inclusión práctica vs. segregación en aula/IDD_B06_I03.json,content/items/stand-by/Inclusión práctica vs. segregación en aula/IDD_B06_I03.json,L020,DESCARTAR | OMITIDO_POR_AUDITORIA_PREVIA,,auditoria/L020 | auditoria/L039,no,,content/restructuring-v1/00-beta-v1/remanufactura/IDD_B06_I03.json,"Aunque el caso apunta a mediacion intercultural pertinente, los distractores quedan demasiado moralizantes y la mejor respuesta resulta obvia, con baja capacidad de discriminacion."
IDD_B06_I04,DESCARTE_TECNICO,-100,pedagogia,,por_confirmar,funcional,content/items/stand-by/Inclusión práctica vs. segregación en aula/IDD_B06_I04.json,content/items/stand-by/Inclusión práctica vs. segregación en aula/IDD_B06_I04.json,L020,DESCARTAR | OMITIDO_POR_AUDITORIA_PREVIA,,auditoria/L020 | auditoria/L039,no,,content/restructuring-v1/00-beta-v1/remanufactura/IDD_B06_I04.json,Depende de una definicion casi literal de inclusion efectiva y no de una decision docente observable o de una actuacion situada.
IDD_B09_I01,DESCARTE_TECNICO,-100,pedagogia,,por_confirmar,funcional,"content/items/stand-by/Inteligencia, inteligencias múltiples y didáctica heterogénea/IDD_B09_I01.json","content/items/stand-by/Inteligencia, inteligencias múltiples y didáctica heterogénea/IDD_B09_I01.json",L065,DESCARTAR,,auditoria/L020 | auditoria/L065,no,,content/restructuring-v1/00-beta-v1/remanufactura/IDD_B09_I01.json,"Formula una definición de inteligencia cercana a pseudoteoría competencial y no obliga a una actuación docente o institucional observable. / El item mide definicion conceptual de inteligencia coherente con competencias, pero no exige decision docente observable ni evidencia situada de desempeno profesional."
IDD_B09_I02,DESCARTE_TECNICO,-100,pedagogia,diversificación de mediaciones de acceso,por_confirmar,funcional,content/restructuring-v1/docente/pedagogia/por_confirmar/funcional/IDD_B09_I02.json,"content/items/stand-by/Inteligencia, inteligencias múltiples y didáctica heterogénea/IDD_B09_I02.json",L065,DESCARTAR | LISTO_PARA_PILOTAJE,,auditoria/L020 | auditoria/L065,no,,content/restructuring-v1/00-beta-v1/remanufactura/IDD_B09_I02.json,"La respuesta correcta no niega la abstracción ni individualiza en exceso; señala que el problema real es la homogeneización didáctica y la falta de mediaciones variadas para acceder al mismo propósito de aprendizaje. / La tarea descansa en una lectura superficial y tipologica de inteligencias multiples, con riesgo de pseudoteoria y baja utilidad para un banco serio orientado a decisiones docentes observables."
IDD_B09_I03,DESCARTE_TECNICO,-100,pedagogia,,por_confirmar,funcional,"content/items/stand-by/Inteligencia, inteligencias múltiples y didáctica heterogénea/IDD_B09_I03.json","content/items/stand-by/Inteligencia, inteligencias múltiples y didáctica heterogénea/IDD_B09_I03.json",L065,DESCARTAR,,auditoria/L020 | auditoria/L065,no,,content/restructuring-v1/00-beta-v1/remanufactura/IDD_B09_I03.json,"Se reduce a asociar actividades estratégicas con una etiqueta de inteligencia, lo que lo vuelve una tipología trivial de baja discriminación. / Se resuelve por asociacion memoristica entre actividades y un tipo de inteligencia, sin valor suficiente de aplicacion didactica o juicio profesional."
IDD_B10_I01,DESCARTE_TECNICO,-100,pedagogia,,por_confirmar,funcional,"content/items/stand-by/Constructivismo, Vygotsky, sujeto político y subjetividad del conocimiento/IDD_B10_I01.json","content/items/stand-by/Constructivismo, Vygotsky, sujeto político y subjetividad del conocimiento/IDD_B10_I01.json",L047,DESCARTAR | OMITIDO_POR_AUDITORIA_PREVIA,,auditoria/L033 | auditoria/L047 | auditoria/L079,no,,content/restructuring-v1/00-beta-v1/remanufactura/IDD_B10_I01.json,"Es crítica doctrinal al modelo transmisivo, pero no convierte el problema en una actuación profesional específica."
IDD_B10_I02,DESCARTE_TECNICO,-100,pedagogia,,por_confirmar,funcional,"content/items/stand-by/Constructivismo, Vygotsky, sujeto político y subjetividad del conocimiento/IDD_B10_I02.json","content/items/stand-by/Constructivismo, Vygotsky, sujeto político y subjetividad del conocimiento/IDD_B10_I02.json",L047,DESCARTAR | OMITIDO_POR_AUDITORIA_PREVIA,,auditoria/L033 | auditoria/L047 | auditoria/L079,no,,content/restructuring-v1/00-beta-v1/remanufactura/IDD_B10_I02.json,"Pregunta taxonómica sobre tipos de memoria, con baja observabilidad de decisión docente."
IDD_B10_I03,DESCARTE_TECNICO,-100,pedagogia,,por_confirmar,funcional,"content/items/stand-by/Constructivismo, Vygotsky, sujeto político y subjetividad del conocimiento/IDD_B10_I03.json","content/items/stand-by/Constructivismo, Vygotsky, sujeto político y subjetividad del conocimiento/IDD_B10_I03.json",L047,DESCARTAR | OMITIDO_POR_AUDITORIA_PREVIA,,auditoria/L033 | auditoria/L047 | auditoria/L079,no,,content/restructuring-v1/00-beta-v1/remanufactura/IDD_B10_I03.json,Pide reconocer la función del lenguaje desde Vygotsky como etiqueta teórica más que como mediación docente evaluable.
IDD_B10_I04,DESCARTE_TECNICO,-100,pedagogia,,por_confirmar,funcional,"content/items/stand-by/Constructivismo, Vygotsky, sujeto político y subjetividad del conocimiento/IDD_B10_I04.json","content/items/stand-by/Constructivismo, Vygotsky, sujeto político y subjetividad del conocimiento/IDD_B10_I04.json",L047,DESCARTAR | OMITIDO_POR_AUDITORIA_PREVIA,,auditoria/L033 | auditoria/L047 | auditoria/L079,no,,content/restructuring-v1/00-beta-v1/remanufactura/IDD_B10_I04.json,Es una disquisición filosófica sobre constructivismo radical con valor muy bajo para banco docente observable.
IDD_B10_I05,DESCARTE_TECNICO,-100,pedagogia,,por_confirmar,funcional,"content/items/stand-by/Constructivismo, Vygotsky, sujeto político y subjetividad del conocimiento/IDD_B10_I05.json","content/items/stand-by/Constructivismo, Vygotsky, sujeto político y subjetividad del conocimiento/IDD_B10_I05.json",L047,DESCARTAR | OMITIDO_POR_AUDITORIA_PREVIA,,auditoria/L033 | auditoria/L047 | auditoria/L079,no,,content/restructuring-v1/00-beta-v1/remanufactura/IDD_B10_I05.json,El contexto de sujeto situado no se traduce en una decisión pedagógica concreta y la clave queda en un plano doctrinal general.
IDD_B11_I02,DESCARTE_TECNICO,-100,pedagogia,,por_confirmar,funcional,"content/items/stand-by/Error, conflicto cognitivo y reestructuración de esquemas/IDD_B11_I02.json","content/items/stand-by/Error, conflicto cognitivo y reestructuración de esquemas/IDD_B11_I02.json",L014,DESCARTAR | OMITIDO_POR_AUDITORIA_PREVIA,,auditoria/L014 | auditoria/L047,no,,content/restructuring-v1/00-beta-v1/remanufactura/IDD_B11_I02.json,"Aunque tiene accion docente, la clave sigue demasiado guiada por explicacion cientifica y contraejemplos esperables; discrimina poco."
IDD_B12_I04,DESCARTE_TECNICO,-100,pedagogia,Uso pedagógico del material concreto,basica_primaria,funcional,content/restructuring-v1/docente/pedagogia/basica_primaria/funcional/IDD_B12_I04.json,"content/items/stand-by/Didáctica de áreas, resolución de problemas y material concreto/IDD_B12_I04.json",L043,DESCARTAR | LISTO_PARA_PILOTAJE | OMITIDO_POR_AUDITORIA_PREVIA | OPERACIONAL_AJUSTADO,ajuste_menor_pre_pilotaje | pilotar,auditoria/L012 | auditoria/L043 | auditoria/L069 | fase-5b/banco-operacional/part-001.csv | fase-5b/remediacion-liviana/part-001.csv,no,,content/restructuring-v1/00-beta-v1/remanufactura/IDD_B12_I04.json,La mediación docente estructura el tránsito conceptual. / El item se resuelve por reconocimiento de la teoria correcta sobre material concreto y no por una decision profesional situada. El contexto funciona como apoyo decorativo y los distractores son demasiado extremos.
IDD_B13_I02,DESCARTE_TECNICO,-100,pedagogia,Metacognición y autorregulación en básica primaria,basica_primaria,funcional,content/restructuring-v1/docente/pedagogia/basica_primaria/funcional/IDD_B13_I02.json,"content/items/stand-by/Evaluación colaborativa, coevaluación y metacognición/IDD_B13_I02.json",L080,DESCARTAR | LISTO_PARA_PILOTAJE | OMITIDO_POR_AUDITORIA_PREVIA,,auditoria/L015 | auditoria/L031 | auditoria/L073 | auditoria/L080,no,,content/restructuring-v1/00-beta-v1/remanufactura/IDD_B13_I02.json,"Se reduce a reconocer la bitácora reflexiva como etiqueta correcta para metacognición. La clave es demasiado visible y los distractores no compiten desde errores docentes plausibles. / La metacognición se promueve cuando el estudiante hace explícito cómo aprendió, qué obstáculos encontró y cómo puede mejorar o transferir estrategias. / El item se resuelve por reconocimiento directo de la bitacora reflexiva como herramienta de metacognicion. No exige analizar evidencia ni comparar errores docente"
IDD_B14_I01,DESCARTE_TECNICO,-100,pedagogia,,por_confirmar,funcional,"content/items/stand-by/Diagnóstico pedagógico, saberes previos y evaluación formativa/IDD_B14_I01.json","content/items/stand-by/Diagnóstico pedagógico, saberes previos y evaluación formativa/IDD_B14_I01.json",L080,DESCARTAR,,auditoria/L011 | auditoria/L062 | auditoria/L080,no,,content/restructuring-v1/00-beta-v1/remanufactura/IDD_B14_I01.json,La respuesta correcta es una enumeración obvia de buenas prácticas diagnósticas frente a distractores absurdos. No discrimina bien y convierte el enfoque inclusivo en adhesión declarativa. / Generalidad pedagógica sin decisión auténtica ni evidencia de uso real del diagnóstico. / Demasiado genérico y redundante dentro del lote; no exige una decisión pedagógica suficientemente observable más allá de una formulación amplia sobre qué debe incluir el diagnóstico.
IDD_B14_I02,DESCARTE_TECNICO,-100,pedagogia,Conflicto cognitivo con sentido pedagógico,por_confirmar,funcional,content/restructuring-v1/docente/pedagogia/por_confirmar/funcional/IDD_B14_I02.json,"content/items/stand-by/Diagnóstico pedagógico, saberes previos y evaluación formativa/IDD_B14_I02.json",L080,DESCARTAR | LISTO_PARA_PILOTAJE,,auditoria/L011 | auditoria/L062 | auditoria/L080,no,,content/restructuring-v1/00-beta-v1/remanufactura/IDD_B14_I02.json,"Pregunta teoría casi literal sobre Ausubel y saberes previos. Predomina la explicación correcta de manual, no una decisión didáctica situada con competencia real entre opciones. / Se conserva por su núcleo valioso sobre saberes previos y evaluación formativa, aunque todavía con clave demasiado visible. / El conocimiento de las ideas previas permite que el conflicto cognitivo tenga dirección pedagógica y no se convierta en simple desconcierto."
IDD_B14_I04,DESCARTE_TECNICO,-100,pedagogia,,por_confirmar,funcional,"content/items/stand-by/Diagnóstico pedagógico, saberes previos y evaluación formativa/IDD_B14_I04.json","content/items/stand-by/Diagnóstico pedagógico, saberes previos y evaluación formativa/IDD_B14_I04.json",L080,DESCARTAR,,auditoria/L011 | auditoria/L062 | auditoria/L080,no,,content/restructuring-v1/00-beta-v1/remanufactura/IDD_B14_I04.json,"Se resuelve por una lista amplia y virtuosa frente a opciones estrechas u obvias. Mide reconocimiento del discurso integral, no juicio pedagógico fino. / Pseudoanálisis basado en listado de componentes sin toma de decisiones pedagógicas real. / Se reduce a enumerar componentes del diagnóstico integral; la tarea no exige decisión pedagógica real y los distractores son demasiado obvios."
MTV_B18_I01,DESCARTE_TECNICO,-100,pedagogia,,por_confirmar,funcional,content/items/stand-by/Tipos de currículo/MTV_B18_I01.json,content/items/stand-by/Tipos de currículo/MTV_B18_I01.json,L032,DESCARTAR | OMITIDO_POR_AUDITORIA_PREVIA,,auditoria/L028 | auditoria/L032,no,,content/restructuring-v1/00-beta-v1/remanufactura/MTV_B18_I01.json,Ya auditado en L028; se conserva la trazabilidad previa y no se reprocesa en este lote de control de duplicados. / Pregunta de clasificacion superficial sobre curriculo oculto; la clave se vuelve visible por terminologia tecnica.
MTV_B18_I02,DESCARTE_TECNICO,-100,pedagogia,,por_confirmar,funcional,content/items/stand-by/Tipos de currículo/MTV_B18_I02.json,content/items/stand-by/Tipos de currículo/MTV_B18_I02.json,L032,DESCARTAR | OMITIDO_POR_AUDITORIA_PREVIA,,auditoria/L028 | auditoria/L032,no,,content/restructuring-v1/00-beta-v1/remanufactura/MTV_B18_I02.json,Ya auditado en L028; se conserva la trazabilidad previa y no se reprocesa en este lote de control de duplicados. / Solo exige reconocer la definicion de curriculo oficial; no hay decision pedagogica observable.
MTV_B18_I03,DESCARTE_TECNICO,-100,pedagogia,,por_confirmar,funcional,content/items/stand-by/Tipos de currículo/MTV_B18_I03.json,content/items/stand-by/Tipos de currículo/MTV_B18_I03.json,L032,DESCARTAR | OMITIDO_POR_AUDITORIA_PREVIA,,auditoria/L028 | auditoria/L032,no,,content/restructuring-v1/00-beta-v1/remanufactura/MTV_B18_I03.json,"Ya auditado en L028; se conserva la trazabilidad previa y no se reprocesa en este lote de control de duplicados. / Reduce el item a nombrar el curriculo operacional, con dificultad inflada por metalenguaje y no por razonamiento."
MTV_B18_I04,DESCARTE_TECNICO,-100,pedagogia,,por_confirmar,funcional,content/items/stand-by/Tipos de currículo/MTV_B18_I04.json,content/items/stand-by/Tipos de currículo/MTV_B18_I04.json,L032,DESCARTAR | OMITIDO_POR_AUDITORIA_PREVIA,,auditoria/L028 | auditoria/L032,no,,content/restructuring-v1/00-beta-v1/remanufactura/MTV_B18_I04.json,Ya auditado en L028; se conserva la trazabilidad previa y no se reprocesa en este lote de control de duplicados. / Clasificacion memoristica de curriculo nulo sin potencia discriminativa util para el banco.
MTV_B18_I05,DESCARTE_TECNICO,-100,pedagogia,,por_confirmar,funcional,content/items/stand-by/Tipos de currículo/MTV_B18_I05.json,content/items/stand-by/Tipos de currículo/MTV_B18_I05.json,L032,DESCARTAR | OMITIDO_POR_AUDITORIA_PREVIA,,auditoria/L028 | auditoria/L032,no,,content/restructuring-v1/00-beta-v1/remanufactura/MTV_B18_I05.json,Ya auditado en L028; se conserva la trazabilidad previa y no se reprocesa en este lote de control de duplicados. / Comparacion taxonomica entre curriculo formal y operacional; el contexto no agrega una tarea profesional real.
MTV_B18_I06,DESCARTE_TECNICO,-100,pedagogia,,por_confirmar,funcional,content/items/stand-by/Tipos de currículo/MTV_B18_I06.json,content/items/stand-by/Tipos de currículo/MTV_B18_I06.json,L032,DESCARTAR | OMITIDO_POR_AUDITORIA_PREVIA,,auditoria/L028 | auditoria/L032,no,,content/restructuring-v1/00-beta-v1/remanufactura/MTV_B18_I06.json,Ya auditado en L028; se conserva la trazabilidad previa y no se reprocesa en este lote de control de duplicados. / El escenario termina resolviendose por una etiqueta curricular obvia y no por una decision pedagogica situada.
MTV_B18_I09,DESCARTE_TECNICO,-100,pedagogia,,por_confirmar,funcional,content/items/stand-by/Tipos de currículo/MTV_B18_I09.json,content/items/stand-by/Tipos de currículo/MTV_B18_I09.json,L032,DESCARTAR | OMITIDO_POR_AUDITORIA_PREVIA,,auditoria/L028 | auditoria/L032,no,,content/restructuring-v1/00-beta-v1/remanufactura/MTV_B18_I09.json,Ya auditado en L028; se conserva la trazabilidad previa y no se reprocesa en este lote de control de duplicados. / Clasifica una actividad como extracurricular o complementaria sin tarea cognitiva ni decision pedagogica sustantiva.
MTV_B18_I11,DESCARTE_TECNICO,-100,pedagogia,,por_confirmar,funcional,content/items/stand-by/Tipos de currículo/MTV_B18_I11.json,content/items/stand-by/Tipos de currículo/MTV_B18_I11.json,L032,DESCARTAR | OMITIDO_POR_AUDITORIA_PREVIA,,auditoria/L028 | auditoria/L032,no,,content/restructuring-v1/00-beta-v1/remanufactura/MTV_B18_I11.json,Ya auditado en L028; se conserva la trazabilidad previa y no se reprocesa en este lote de control de duplicados. / La resolucion depende de una taxonomia poco estable y no de una decision pedagogica observable.
MTV_B18_I12,DESCARTE_TECNICO,-100,pedagogia,,por_confirmar,funcional,content/items/stand-by/Tipos de currículo/MTV_B18_I12.json,content/items/stand-by/Tipos de currículo/MTV_B18_I12.json,L032,DESCARTAR | OMITIDO_POR_AUDITORIA_PREVIA,,auditoria/L028 | auditoria/L032,no,,content/restructuring-v1/00-beta-v1/remanufactura/MTV_B18_I12.json,"Ya auditado en L028; se conserva la trazabilidad previa y no se reprocesa en este lote de control de duplicados. / Aunque el contexto es util, la pregunta termina pidiendo el nombre de un principio curricular y no una actuacion profesional concreta."
MTV_B18_I13,DESCARTE_TECNICO,-100,pedagogia,,por_confirmar,funcional,content/items/stand-by/Tipos de currículo/MTV_B18_I13.json,content/items/stand-by/Tipos de currículo/MTV_B18_I13.json,L032,DESCARTAR | OMITIDO_POR_AUDITORIA_PREVIA,,auditoria/L028 | auditoria/L032,no,,content/restructuring-v1/00-beta-v1/remanufactura/MTV_B18_I13.json,"Ya auditado en L028; se conserva la trazabilidad previa y no se reprocesa en este lote de control de duplicados. / Presenta inconsistencia entre la clave declarada, la justificacion y la funcion distractora; ademas es un item declarativo de baja discriminacion."
MTV_B18_I14,DESCARTE_TECNICO,-100,pedagogia,,por_confirmar,funcional,content/items/stand-by/Tipos de currículo/MTV_B18_I14.json,content/items/stand-by/Tipos de currículo/MTV_B18_I14.json,L032,DESCARTAR | OMITIDO_POR_AUDITORIA_PREVIA,,auditoria/L028 | auditoria/L032,no,,content/restructuring-v1/00-beta-v1/remanufactura/MTV_B18_I14.json,Ya auditado en L028; se conserva la trazabilidad previa y no se reprocesa en este lote de control de duplicados. / Agrupa varios tipos de curriculo en una taxonomia memoristica con dificultad artificial y sin decision situada.
MTV_B22_I01,DESCARTE_TECNICO,-100,pedagogia,aprendizaje_significativo,por_confirmar,funcional,content/items/pedagogia/MTV_B22_I01.json,content/items/stand-by/Aprendizaje significativo Ausubel/MTV_B22_I01.json,L047,BANCO_OPERACIONAL | DESCARTAR | LISTO_PARA_PILOTAJE | Listo para el banco | OMITIDO_POR_AUDITORIA_PREVIA,excluir,auditoria/L033 | auditoria/L047 | auditoria/L061 | auditoria/L079 | content/items | content/items/_banco-operacional.csv | fase-5b/descarte-real/part-001.csv,si,clave_ok | justificacion_ok | opciones_ok,content/restructuring-v1/00-beta-v1/remanufactura/MTV_B22_I01.json,Premia reconocimiento de una definición central de Ausubel y no una decisión docente observable.
MTV_B22_I03,DESCARTE_TECNICO,-100,pedagogia,aprendizaje_significativo,por_confirmar,funcional,content/items/pedagogia/MTV_B22_I03.json,content/items/stand-by/Aprendizaje significativo Ausubel/MTV_B22_I03.json,L047,BANCO_OPERACIONAL | DESCARTAR | LISTO_PARA_PILOTAJE | Listo para el banco | OMITIDO_POR_AUDITORIA_PREVIA,excluir,auditoria/L033 | auditoria/L047 | auditoria/L061 | auditoria/L079 | content/items | content/items/_banco-operacional.csv | fase-5b/descarte-real/part-002.csv,si,clave_ok | justificacion_ok | opciones_ok,content/restructuring-v1/00-beta-v1/remanufactura/MTV_B22_I03.json,Obliga a clasificar el caso con jerga teórica y no a seleccionar una intervención pedagógica concreta.
MTV_B22_I04,DESCARTE_TECNICO,-100,pedagogia,aprendizaje_significativo,por_confirmar,funcional,content/items/pedagogia/MTV_B22_I04.json,content/items/stand-by/Aprendizaje significativo Ausubel/MTV_B22_I04.json,L047,BANCO_OPERACIONAL | DESCARTAR | Listo para el banco | OMITIDO_POR_AUDITORIA_PREVIA,excluir,auditoria/L033 | auditoria/L047 | auditoria/L061 | auditoria/L079 | content/items | content/items/_banco-operacional.csv | fase-5b/descarte-real/part-002.csv,si,clave_ok | justificacion_ok | opciones_ok,content/restructuring-v1/00-beta-v1/remanufactura/MTV_B22_I04.json,Se concentra en nombrar un recurso técnico y no en juzgar una decisión de aula observable.
MTV_B22_I05,DESCARTE_TECNICO,-100,pedagogia,aprendizaje_significativo,por_confirmar,funcional,content/items/pedagogia/MTV_B22_I05.json,content/items/stand-by/Aprendizaje significativo Ausubel/MTV_B22_I05.json,L047,BANCO_OPERACIONAL | DESCARTAR | LISTO_PARA_PILOTAJE | Listo para el banco | OMITIDO_POR_AUDITORIA_PREVIA,excluir,auditoria/L033 | auditoria/L047 | auditoria/L061 | auditoria/L079 | content/items | content/items/_banco-operacional.csv | fase-5b/descarte-real/part-002.csv,si,clave_ok | justificacion_ok | opciones_ok,content/restructuring-v1/00-beta-v1/remanufactura/MTV_B22_I05.json,La clave es demasiado visible y la pregunta se resuelve como explicación doctrinal general.
MTV_B22_I10,DESCARTE_TECNICO,-100,pedagogia,aprendizaje_significativo,por_confirmar,funcional,content/items/pedagogia/MTV_B22_I10.json,content/items/stand-by/Aprendizaje significativo Ausubel/MTV_B22_I10.json,L047,BANCO_OPERACIONAL | DESCARTAR | LISTO_PARA_PILOTAJE | Listo para el banco | OMITIDO_POR_AUDITORIA_PREVIA,excluir,auditoria/L033 | auditoria/L047 | auditoria/L061 | auditoria/L079 | content/items | content/items/_banco-operacional.csv | fase-5b/descarte-real/part-003.csv,si,clave_ok | justificacion_ok | opciones_ok,content/restructuring-v1/00-beta-v1/remanufactura/MTV_B22_I10.json,"Formula una tesis amplia sobre el rol docente, pero no exige una decisión suficientemente fina y observable."
MTV_B22_I11,DESCARTE_TECNICO,-100,pedagogia,aprendizaje_significativo,por_confirmar,funcional,content/items/pedagogia/MTV_B22_I11.json,content/items/stand-by/Aprendizaje significativo Ausubel/MTV_B22_I11.json,L047,BANCO_OPERACIONAL | DESCARTAR | LISTO_PARA_BANCO | Listo para el banco | OMITIDO_POR_AUDITORIA_PREVIA,excluir,auditoria/L033 | auditoria/L047 | auditoria/L061 | auditoria/L079 | content/items | content/items/_banco-operacional.csv | fase-5b/descarte-real/part-003.csv,si,clave_ok | justificacion_ok | opciones_ok,content/restructuring-v1/00-beta-v1/remanufactura/MTV_B22_I11.json,Solapa un eje ya mejor cubierto por ítems previamente auditados sobre conflicto cognitivo y mantiene exceso de teorización.
MTV_B22_I12,DESCARTE_TECNICO,-100,pedagogia,aprendizaje_significativo,por_confirmar,funcional,content/items/pedagogia/MTV_B22_I12.json,content/items/stand-by/Aprendizaje significativo Ausubel/MTV_B22_I12.json,L047,BANCO_OPERACIONAL | DESCARTAR | LISTO_PARA_PILOTAJE | Listo para el banco | OMITIDO_POR_AUDITORIA_PREVIA | OPERACIONAL_AJUSTADO,ajuste_menor_pre_pilotaje | pilotar,auditoria/L033 | auditoria/L047 | auditoria/L061 | auditoria/L079 | content/items | content/items/_banco-operacional.csv | fase-5b/banco-operacional/part-002.csv | fase-5b/remediacion-liviana/part-002.csv,si,clave_ok | justificacion_ok | opciones_ok,content/restructuring-v1/00-beta-v1/remanufactura/MTV_B22_I12.json,"La opción A es la mejor porque articula conocimiento previo, organización del contenido y transferencia, tres rasgos centrales de una enseñanza orientada a comprensión."
MTV_B31_I01,DESCARTE_TECNICO,-100,pedagogia,,por_confirmar,funcional,"content/items/stand-by/Jornada escolar, horario laboral y asignación académica/MTV_B31_I01.json","content/items/stand-by/Jornada escolar, horario laboral y asignación académica/MTV_B31_I01.json",L041,DESCARTAR | OMITIDO_POR_AUDITORIA_PREVIA,,auditoria/L021 | auditoria/L041,no,,content/restructuring-v1/00-beta-v1/remanufactura/MTV_B31_I01.json,Ya auditado en L021; se conserva la trazabilidad previa y no se reprocesa en este lote. / Pregunta definicion literal de jornada escolar. El contexto no agrega decision profesional ni mejora la discriminacion.
MTV_B31_I02,DESCARTE_TECNICO,-100,pedagogia,,por_confirmar,funcional,"content/items/stand-by/Jornada escolar, horario laboral y asignación académica/MTV_B31_I02.json","content/items/stand-by/Jornada escolar, horario laboral y asignación académica/MTV_B31_I02.json",L041,DESCARTAR | OMITIDO_POR_AUDITORIA_PREVIA,,auditoria/L021 | auditoria/L041,no,,content/restructuring-v1/00-beta-v1/remanufactura/MTV_B31_I02.json,Ya auditado en L021; se conserva la trazabilidad previa y no se reprocesa en este lote. / La tarea real es recordar que la jornada laboral incluye asignacion academica y actividades complementarias. Pseudoaplicacion normativa.
MTV_B31_I03,DESCARTE_TECNICO,-100,pedagogia,,por_confirmar,funcional,"content/items/stand-by/Jornada escolar, horario laboral y asignación académica/MTV_B31_I03.json","content/items/stand-by/Jornada escolar, horario laboral y asignación académica/MTV_B31_I03.json",L041,DESCARTAR | OMITIDO_POR_AUDITORIA_PREVIA,,auditoria/L021 | auditoria/L041,no,,content/restructuring-v1/00-beta-v1/remanufactura/MTV_B31_I03.json,Ya auditado en L021; se conserva la trazabilidad previa y no se reprocesa en este lote. / Clasificacion conceptual sobre asignacion academica con distractores previsibles y sin accion profesional observable.
MTV_B31_I04,DESCARTE_TECNICO,-100,pedagogia,,por_confirmar,funcional,"content/items/stand-by/Jornada escolar, horario laboral y asignación académica/MTV_B31_I04.json","content/items/stand-by/Jornada escolar, horario laboral y asignación académica/MTV_B31_I04.json",L041,DESCARTAR | OMITIDO_POR_AUDITORIA_PREVIA,,auditoria/L021 | auditoria/L041,no,,content/restructuring-v1/00-beta-v1/remanufactura/MTV_B31_I04.json,"Ya auditado en L021; se conserva la trazabilidad previa y no se reprocesa en este lote. / Pregunta obligacion general de actividades complementarias. La dificultad proviene del reconocimiento normativo, no del constructo evaluado."
MTV_B31_I05,DESCARTE_TECNICO,-100,pedagogia,,por_confirmar,funcional,"content/items/stand-by/Jornada escolar, horario laboral y asignación académica/MTV_B31_I05.json","content/items/stand-by/Jornada escolar, horario laboral y asignación académica/MTV_B31_I05.json",L041,DESCARTAR | OMITIDO_POR_AUDITORIA_PREVIA,,auditoria/L021 | auditoria/L041,no,,content/restructuring-v1/00-beta-v1/remanufactura/MTV_B31_I05.json,Ya auditado en L021; se conserva la trazabilidad previa y no se reprocesa en este lote. / Comparacion declarativa entre conceptos de tiempo escolar con distractores extremos y baja capacidad discriminativa.
MTV_B31_I06,DESCARTE_TECNICO,-100,pedagogia,,por_confirmar,funcional,"content/items/stand-by/Jornada escolar, horario laboral y asignación académica/MTV_B31_I06.json","content/items/stand-by/Jornada escolar, horario laboral y asignación académica/MTV_B31_I06.json",L041,DESCARTAR | OMITIDO_POR_AUDITORIA_PREVIA,,auditoria/L021 | auditoria/L041,no,,content/restructuring-v1/00-beta-v1/remanufactura/MTV_B31_I06.json,Ya auditado en L021; se conserva la trazabilidad previa y no se reprocesa en este lote. / Se limita a clasificar actividades curriculares complementarias. No exige juicio profesional mas alla de la etiqueta normativa.
MTV_B31_I10,DESCARTE_TECNICO,-100,pedagogia,,por_confirmar,funcional,"content/items/stand-by/Jornada escolar, horario laboral y asignación académica/MTV_B31_I10.json","content/items/stand-by/Jornada escolar, horario laboral y asignación académica/MTV_B31_I10.json",L041,DESCARTAR | OMITIDO_POR_AUDITORIA_PREVIA,,auditoria/L021 | auditoria/L041,no,,content/restructuring-v1/00-beta-v1/remanufactura/MTV_B31_I10.json,"Ya auditado en L021; se conserva la trazabilidad previa y no se reprocesa en este lote. / Aunque usa voz docente, la clave sigue dependiendo de recordar que la asignacion academica no agota la jornada laboral."
MTV_B31_I12,DESCARTE_TECNICO,-100,pedagogia,,por_confirmar,funcional,"content/items/stand-by/Jornada escolar, horario laboral y asignación académica/MTV_B31_I12.json","content/items/stand-by/Jornada escolar, horario laboral y asignación académica/MTV_B31_I12.json",L041,DESCARTAR | OMITIDO_POR_AUDITORIA_PREVIA,,auditoria/L021 | auditoria/L041,no,,content/restructuring-v1/00-beta-v1/remanufactura/MTV_B31_I12.json,Ya auditado en L021; se conserva la trazabilidad previa y no se reprocesa en este lote. / Sintesis de tres definiciones legales con distractores caricaturescos. No aporta valor nuevo al banco.
MTV_B36_I01,DESCARTE_TECNICO,-100,pedagogia,,por_confirmar,funcional,"content/items/stand-by/Contexto, currículo y práctica educativa/MTV_B36_I01.json","content/items/stand-by/Contexto, currículo y práctica educativa/MTV_B36_I01.json",L005,DESCARTAR,,auditoria/L005,no,,content/restructuring-v1/00-beta-v1/remanufactura/MTV_B36_I01.json,El contexto no aporta una decision real; solo conduce a nombrar la contextualizacion como criterio general.
MTV_B36_I03,DESCARTE_TECNICO,-100,pedagogia,,por_confirmar,funcional,"content/items/stand-by/Contexto, currículo y práctica educativa/MTV_B36_I03.json","content/items/stand-by/Contexto, currículo y práctica educativa/MTV_B36_I03.json",L005,DESCARTAR,,auditoria/L005,no,,content/restructuring-v1/00-beta-v1/remanufactura/MTV_B36_I03.json,El caso termina reduciendose a poner nombre al dialogo de saberes; la tarea cognitiva esta inflada.
MTV_B36_I04,DESCARTE_TECNICO,-100,pedagogia,,por_confirmar,funcional,"content/items/stand-by/Contexto, currículo y práctica educativa/MTV_B36_I04.json","content/items/stand-by/Contexto, currículo y práctica educativa/MTV_B36_I04.json",L005,DESCARTAR,,auditoria/L005,no,,content/restructuring-v1/00-beta-v1/remanufactura/MTV_B36_I04.json,La clave depende del reconocimiento de un principio deseable sobre diversidad linguistica y los distractores se autodestruyen.
MTV_B36_I05,DESCARTE_TECNICO,-100,pedagogia,,por_confirmar,funcional,"content/items/stand-by/Contexto, currículo y práctica educativa/MTV_B36_I05.json","content/items/stand-by/Contexto, currículo y práctica educativa/MTV_B36_I05.json",L005,DESCARTAR,,auditoria/L005,no,,content/restructuring-v1/00-beta-v1/remanufactura/MTV_B36_I05.json,El contexto local-global es decorativo: la respuesta correcta ya viene insinuada como formula conceptual unica.
MTV_B36_I06,DESCARTE_TECNICO,-100,pedagogia,,por_confirmar,funcional,"content/items/stand-by/Contexto, currículo y práctica educativa/MTV_B36_I06.json","content/items/stand-by/Contexto, currículo y práctica educativa/MTV_B36_I06.json",L005,DESCARTAR,,auditoria/L005,no,,content/restructuring-v1/00-beta-v1/remanufactura/MTV_B36_I06.json,"Aunque mas aplicado, sigue resolviendose por reconocimiento de la unica evidencia correcta y no por comparacion didactica fina."
MTV_B36_I08,DESCARTE_TECNICO,-100,pedagogia,,por_confirmar,funcional,"content/items/stand-by/Contexto, currículo y práctica educativa/MTV_B36_I08.json","content/items/stand-by/Contexto, currículo y práctica educativa/MTV_B36_I08.json",L005,DESCARTAR,,auditoria/L005,no,,content/restructuring-v1/00-beta-v1/remanufactura/MTV_B36_I08.json,El item no evalua decision institucional sino reconocimiento de la etiqueta 'gestion comunitaria'.
MTV_B36_I09,DESCARTE_TECNICO,-100,pedagogia,,por_confirmar,funcional,"content/items/stand-by/Contexto, currículo y práctica educativa/MTV_B36_I09.json","content/items/stand-by/Contexto, currículo y práctica educativa/MTV_B36_I09.json",L005,DESCARTAR,,auditoria/L005,no,,content/restructuring-v1/00-beta-v1/remanufactura/MTV_B36_I09.json,La clave es moralmente evidente y el escenario no produce discriminacion comportamental real.
MTV_B36_I10,DESCARTE_TECNICO,-100,pedagogia,,por_confirmar,funcional,"content/items/stand-by/Contexto, currículo y práctica educativa/MTV_B36_I10.json","content/items/stand-by/Contexto, currículo y práctica educativa/MTV_B36_I10.json",L005,DESCARTAR,,auditoria/L005,no,,content/restructuring-v1/00-beta-v1/remanufactura/MTV_B36_I10.json,Se resuelve con un lugar comun sobre conocer a los estudiantes y no con analisis de opciones tecnicamente cercanas.
MTV_B36_I11,DESCARTE_TECNICO,-100,pedagogia,,por_confirmar,funcional,"content/items/stand-by/Contexto, currículo y práctica educativa/MTV_B36_I11.json","content/items/stand-by/Contexto, currículo y práctica educativa/MTV_B36_I11.json",L005,DESCARTAR,,auditoria/L005,no,,content/restructuring-v1/00-beta-v1/remanufactura/MTV_B36_I11.json,El item etiqueta un clima de aula deseable pero no obliga a comparar decisiones ni consecuencias reales.
MTV_B36_I12,DESCARTE_TECNICO,-100,pedagogia,,por_confirmar,funcional,"content/items/stand-by/Contexto, currículo y práctica educativa/MTV_B36_I12.json","content/items/stand-by/Contexto, currículo y práctica educativa/MTV_B36_I12.json",L005,DESCARTAR,,auditoria/L005,no,,content/restructuring-v1/00-beta-v1/remanufactura/MTV_B36_I12.json,No tiene contexto funcional y resume una definicion de practica contextualizada en forma directa.
NFL_B01_I02,DESCARTE_TECNICO,-100,pedagogia,,por_confirmar,funcional,"content/items/stand-by/Formación integral, fines de la educación y desarrollo de la personalidad/NFL_B01_I02.json","content/items/stand-by/Formación integral, fines de la educación y desarrollo de la personalidad/NFL_B01_I02.json",L017,DESCARTAR,,auditoria/L017,no,,content/restructuring-v1/00-beta-v1/remanufactura/NFL_B01_I02.json,La respuesta correcta depende de reconocer casi literalmente el fin legal sobre pleno desarrollo de la personalidad y no de analizar una actuacion docente observable.
NFL_B01_I03,DESCARTE_TECNICO,-100,pedagogia,,por_confirmar,funcional,"content/items/stand-by/Formación integral, fines de la educación y desarrollo de la personalidad/NFL_B01_I03.json","content/items/stand-by/Formación integral, fines de la educación y desarrollo de la personalidad/NFL_B01_I03.json",L017,DESCARTAR,,auditoria/L017,no,,content/restructuring-v1/00-beta-v1/remanufactura/NFL_B01_I03.json,Pregunta basada en listado normativo y memoria de componentes transversales; los distractores son extremos y no modelan errores profesionales plausibles.
NFL_B02_I01,DESCARTE_TECNICO,-100,pedagogia,,por_confirmar,funcional,"content/items/stand-by/Cultura escolar, identidad institucional y PEI/NFL_B02_I01.json","content/items/stand-by/Cultura escolar, identidad institucional y PEI/NFL_B02_I01.json",L007,DESCARTAR,,auditoria/L007,no,,content/restructuring-v1/00-beta-v1/remanufactura/NFL_B02_I01.json,El contexto es decorativo y la respuesta depende de definicion escolar general; los distractores no sostienen discriminacion fina.
NFL_B02_I02,DESCARTE_TECNICO,-100,pedagogia,,por_confirmar,funcional,"content/items/stand-by/Cultura escolar, identidad institucional y PEI/NFL_B02_I02.json","content/items/stand-by/Cultura escolar, identidad institucional y PEI/NFL_B02_I02.json",L007,DESCARTAR,,auditoria/L007,no,,content/restructuring-v1/00-beta-v1/remanufactura/NFL_B02_I02.json,Pseudoanalisis con opciones extremas sobre PEI y manual de convivencia; no exige decision institucional autentica.
NFL_B04_I01,DESCARTE_TECNICO,-100,pedagogia,,por_confirmar,funcional,"content/items/stand-by/Estructura del sistema educativo - educación básica, secundaria y media/NFL_B04_I01.json","content/items/stand-by/Estructura del sistema educativo - educación básica, secundaria y media/NFL_B04_I01.json",L014,DESCARTAR,,auditoria/L014,no,,content/restructuring-v1/00-beta-v1/remanufactura/NFL_B04_I01.json,La clave depende de memoria normativa sobre areas obligatorias y continuidad de la educacion basica; el contexto no modifica la naturaleza del recuerdo literal.
NFL_B04_I04,DESCARTE_TECNICO,-100,pedagogia,,por_confirmar,funcional,"content/items/stand-by/Estructura del sistema educativo - educación básica, secundaria y media/NFL_B04_I04.json","content/items/stand-by/Estructura del sistema educativo - educación básica, secundaria y media/NFL_B04_I04.json",L014,DESCARTAR,,auditoria/L014,no,,content/restructuring-v1/00-beta-v1/remanufactura/NFL_B04_I04.json,La clave depende de memoria normativa casi directa sobre objetivos comunes y formacion ciudadana transversal; el contexto aporta poco.
NFL_B05_I02,DESCARTE_TECNICO,-100,pedagogia,,por_confirmar,funcional,"content/items/stand-by/Corresponsabilidad educativa, ausentismo y posición de garante/NFL_B05_I02.json","content/items/stand-by/Corresponsabilidad educativa, ausentismo y posición de garante/NFL_B05_I02.json",L005,DESCARTAR,,auditoria/L005,no,,content/restructuring-v1/00-beta-v1/remanufactura/NFL_B05_I02.json,Depende de memoria literal sobre la composicion de la comunidad educativa segun la ley; no evalua aplicacion situada.
NFL_B07_I02,DESCARTE_TECNICO,-100,pedagogia,,por_confirmar,funcional,"content/items/stand-by/Educación como derecho fundamental, bien común y derecho pluridimensional/NFL_B07_I02.json","content/items/stand-by/Educación como derecho fundamental, bien común y derecho pluridimensional/NFL_B07_I02.json",L075,DESCARTAR,,auditoria/L013 | auditoria/L075,no,,content/restructuring-v1/00-beta-v1/remanufactura/NFL_B07_I02.json,Convierte la pluridimensionalidad del derecho a la educación en una definición conceptual de las 4A; el contexto no alcanza a producir una decisión profesional situada.
NFL_B07_I03,DESCARTE_TECNICO,-100,pedagogia,,por_confirmar,funcional,"content/items/stand-by/Educación como derecho fundamental, bien común y derecho pluridimensional/NFL_B07_I03.json","content/items/stand-by/Educación como derecho fundamental, bien común y derecho pluridimensional/NFL_B07_I03.json",L075,DESCARTAR,,auditoria/L013 | auditoria/L075,no,,content/restructuring-v1/00-beta-v1/remanufactura/NFL_B07_I03.json,"Pregunta una explicación doctrinal sobre educación como bien común, con contexto decorativo y sin tarea de juicio profesional observable."
NFL_B08_I02,DESCARTE_TECNICO,-100,pedagogia,,por_confirmar,funcional,"content/items/stand-by/Igualdad material, discriminación positiva y debilidad manifiesta/NFL_B08_I02.json","content/items/stand-by/Igualdad material, discriminación positiva y debilidad manifiesta/NFL_B08_I02.json",L019,DESCARTAR | OMITIDO_POR_AUDITORIA_PREVIA,,auditoria/L019 | auditoria/L039,no,,content/restructuring-v1/00-beta-v1/remanufactura/NFL_B08_I02.json,"La tarea pregunta una definición de discriminación positiva en lugar de exigir aplicación situada, por lo que no genera evidencia suficiente sobre juicio docente o institucional."
PPDC_B01_I02,DESCARTE_TECNICO,-100,pedagogia,,por_confirmar,funcional,content/items/stand-by/Práctica pedagógica no homogeneizadora y diversidad/PPDC_B01_I02.json,content/items/stand-by/Práctica pedagógica no homogeneizadora y diversidad/PPDC_B01_I02.json,L026,DESCARTAR,,auditoria/L026,no,,content/restructuring-v1/00-beta-v1/remanufactura/PPDC_B01_I02.json,"La mejor respuesta resulta demasiado obvia y varios distractores se van hacia segregacion explicita o reduccion extrema del curriculo, con bajo valor discriminativo."
PPDC_B01_I03,DESCARTE_TECNICO,-100,pedagogia,,por_confirmar,funcional,content/items/stand-by/Práctica pedagógica no homogeneizadora y diversidad/PPDC_B01_I03.json,content/items/stand-by/Práctica pedagógica no homogeneizadora y diversidad/PPDC_B01_I03.json,L026,DESCARTAR,,auditoria/L026,no,,content/restructuring-v1/00-beta-v1/remanufactura/PPDC_B01_I03.json,"Aunque parte de un caso reconocible, el item queda resuelto por una critica doctrinal demasiado evidente a las guias iguales para todos y no por juicio pedagogico fino."
PPDC_B01_I04,DESCARTE_TECNICO,-100,pedagogia,,por_confirmar,funcional,content/items/stand-by/Práctica pedagógica no homogeneizadora y diversidad/PPDC_B01_I04.json,content/items/stand-by/Práctica pedagógica no homogeneizadora y diversidad/PPDC_B01_I04.json,L026,DESCARTAR,,auditoria/L026,no,,content/restructuring-v1/00-beta-v1/remanufactura/PPDC_B01_I04.json,"Se responde casi por reconocimiento de la etiqueta DUA y por descarte de opciones extremas, sin competencia real entre distractores."
PPDC_B03_I02,DESCARTE_TECNICO,-100,pedagogia,,por_confirmar,funcional,"content/items/stand-by/Constructivismo, indagación y aprendizaje experimental/PPDC_B03_I02.json","content/items/stand-by/Constructivismo, indagación y aprendizaje experimental/PPDC_B03_I02.json",L036,DESCARTAR | OMITIDO_POR_AUDITORIA_PREVIA,,auditoria/L005 | auditoria/L036 | auditoria/L057 | auditoria/L061 | auditoria/L069,no,,content/restructuring-v1/00-beta-v1/remanufactura/PPDC_B03_I02.json,"Ya auditado en L005; se conserva la trazabilidad previa y no se reprocesa en este lote. / Se queda en explicacion teorica sobre tanteo experimental y aprender haciendo. No exige actuacion docente concreta, la tarea cognitiva esta inflada y los distractores se resuelven por descarte facil. / El item pregunta teoria del tanteo experimental mas que una decision didactica real; la clave depende de un lugar comun teorico y los distractores son obvios."
PPDC_B04_I01,DESCARTE_TECNICO,-100,pedagogia,modelos_pedagogicos,por_confirmar,funcional,content/items/pedagogia/PPDC_B04_I01.json,"content/items/stand-by/Praxis pedagógica, didáctica y selección metodológica/PPDC_B04_I01.json",L057,BANCO_OPERACIONAL | DESCARTAR | LISTO_PARA_BANCO | Listo para el banco,excluir,auditoria/L001 | auditoria/L025 | auditoria/L057 | content/items | content/items/_banco-operacional.csv | fase-5b/descarte-real/part-001.csv,si,clave_ok | justificacion_ok | opciones_ok,content/restructuring-v1/00-beta-v1/remanufactura/PPDC_B04_I01.json,La pedagogía orienta el sentido formativo de la acción educativa y la didáctica organiza su realización en el plano metodológico. / El ítem se limita a diferenciar pedagogía y didáctica como conceptos generales. No muestra una selección metodológica situada ni produce evidencia suficiente de decisión pedagógica observable.
PPDC_B04_I02,DESCARTE_TECNICO,-100,pedagogia,"Jerarquía entre metodología, estrategia didáctica y técnica",por_confirmar,funcional,content/restructuring-v1/docente/pedagogia/por_confirmar/funcional/PPDC_B04_I02.json,"content/items/stand-by/Praxis pedagógica, didáctica y selección metodológica/PPDC_B04_I02.json",L057,DESCARTAR | LISTO_PARA_PILOTAJE,excluir,auditoria/L025 | auditoria/L057 | fase-5b/descarte-real/part-001.csv,no,,content/restructuring-v1/00-beta-v1/remanufactura/PPDC_B04_I02.json,"La respuesta correcta reconoce una jerarquía funcional real entre marco metodológico, organización estratégica y procedimiento concreto de aula."
PPDC_B06_I02,DESCARTE_TECNICO,-100,pedagogia,Educación para el trabajo y el desarrollo humano,por_confirmar,funcional,content/restructuring-v1/docente/normatividad/por_confirmar/basica/PPDC_B06_I02.json,"content/items/stand-by/Normatividad, fines de la educación y educación no formal/PPDC_B06_I02.json",L023,DESCARTAR | LISTO_PARA_BANCO | OMITIDO_POR_AUDITORIA_PREVIA,,auditoria/L001 | auditoria/L023 | auditoria/L041,no,,content/restructuring-v1/00-beta-v1/remanufactura/PPDC_B06_I02.json,"Aunque tiene apariencia de caso, la tarea central es clasificar juridicamente la oferta como educacion para el trabajo y el desarrollo humano; depende de recuerdo normativo y no de juicio institucional o pedagogico suficiente. / La ETDH agrupa ofertas estructuradas que desarrollan competencias ocupacionales sin hacer parte del sistema formal por niveles y grados. / Ya auditado en L023; se conserva la trazabilidad previa y no se reprocesa en este lote."
